ervaring,trainingtype,500_split,2k tijd,binary_trainingtype,binary_geslacht,binary_gewichtsklasse
0,3x7',116.0,415.6,11110,0,0
0,57',130.3,421.9,11101,0,0
0,3x7',114.0,415.6,11110,0,0
0,3x2000m,115.0,420.5,11,0,0
0,3x2000m,110.7,411.4,11,0,0
0,3x2000m,103.8,402.7,11,0,0
0,3x10',118.3,439.7,10000,0,0
0,3x10',118.8,431.6,10000,0,0
0,3x8',118.9,428.3,11111,0,0
0,1000m,106.0,413.7,10001,0,0
0,1',99.2,416.9,1001,0,0
0,2000m,104.9,421.9,1010,0,0
0,3x2000m,109.2,411.4,11,0,0
0,1',103.9,419.3,1001,0,0
0,3x7',117.2,427.7,11110,0,0
0,3x7',123.2,428.3,11110,0,0
0,3x2000m,121.8,420.5,11,0,0
0,3x2000m,116.8,420.3,11,0,0
0,1',99.1,418.6,1001,0,0
0,3x2000m,116.5,419.0,11,0,0
0,5x5',115.0,428.3,0,0,0
0,3x10',116.8,432.4,10000,0,0
0,2x2000m,106.6,412.5,1100,0,0
0,3x10',116.2,419.3,10000,0,0
0,1500m+500m,106.8,421.9,10010,0,0
0,3x10',115.6,431.6,10000,0,0
0,3x8',118.3,428.3,11111,0,0
0,1',101.2,419.3,1001,0,0
0,3x2000m,119.4,421.9,11,0,0
0,3x10',119.0,431.6,10000,0,0
0,5x5',115.1,428.3,0,0,0
0,1',99.5,412.5,1001,0,0
0,3x20',132.0,433.8,10,0,0
0,3x8',119.2,415.6,11111,0,0
0,3x10',115.9,419.3,10000,0,0
0,3x2000m,115.7,420.5,11,0,0
0,3x8',116.7,420.5,11111,0,0
0,3x7',121.0,428.3,11110,0,0
0,1',99.0,418.6,1001,0,0
0,3x2000m,126.3,449.0,11,0,0
0,3x8',113.6,415.6,11111,0,0
0,3x7',118.8,428.3,11110,0,0
0,3x7',123.2,449.0,11110,0,0
0,3x10',117.5,419.3,10000,0,0
0,1000m+500m,103.2,415.6,10110,0,0
0,3x7',117.4,428.3,11110,0,0
0,3x8',124.9,420.5,11111,0,0
0,3x2000m,127.9,449.0,11,0,0
0,3x10',116.7,418.6,10000,0,0
0,3x2000m,115.6,421.9,11,0,0
0,3x2000m,114.0,420.5,11,0,0
0,3x7',117.6,428.3,11110,0,0
0,3x2000m,123.5,421.9,11,0,0
0,3x2000m,111.4,420.5,11,0,0
0,3x10',114.9,419.3,10000,0,0
0,100m,89.5,415.0,11011,0,0
0,1',103.0,412.5,1001,0,0
0,3x2000m,113.1,420.3,11,0,0
0,3x10',119.6,439.7,10000,0,0
0,3x10',117.8,418.6,10000,0,0
0,3x7',112.2,405.5,11110,0,0
0,3x8',116.8,415.6,11111,0,0
0,3x2000m,110.6,421.9,11,0,0
0,3x10',115.0,419.3,10000,0,0
0,1500m+500m,106.3,420.8,10010,0,0
0,3x7',115.7,428.3,11110,0,0
0,3x2000m,113.8,405.5,11,0,0
0,3x2000m,116.8,420.5,11,0,0
0,1500m+500m,101.3,421.9,10010,0,0
0,1',104.6,419.3,1001,0,0
0,3x10',119.1,412.5,10000,0,0
0,1',98.3,418.6,1001,0,0
0,1',107.0,433.8,1001,0,0
0,5x5',116.4,427.7,0,0,0
0,3x2000m,113.3,421.9,11,0,0
0,3x8',118.9,420.5,11111,0,0
0,3x2000m,117.8,421.9,11,0,0
0,3x10',100.4,412.5,10000,0,0
0,3x10',120.3,420.8,10000,0,0
0,3x2000m,115.8,421.9,11,0,0
0,1500m+500m,104.7,420.5,10010,0,0
0,3x8',118.2,427.7,11111,0,0
0,3x2000m,122.9,427.7,11,0,0
0,3x10',118.9,420.8,10000,0,0
0,3x10',120.3,418.6,10000,0,0
0,2x2000m,115.7,418.6,1100,0,0
0,3x7',114.6,415.6,11110,0,0
0,3x20',127.0,415.0,10,0,0
0,1',104.9,429.2,1001,0,0
0,1500m+500m,109.0,439.7,10010,0,0
0,3x2000m,113.1,421.9,11,0,0
0,57',126.5,402.7,11101,0,0
0,2x2000m,110.8,418.6,1100,0,0
0,1500m+500m,95.0,402.7,10010,0,0
0,3x2000m,115.7,420.3,11,0,0
0,3x7',114.0,415.6,11110,0,0
0,3x7',121.7,449.0,11110,0,0
0,3x2000m,117.8,421.9,11,0,0
0,1',101.0,415.0,1001,0,0
0,2x10',130.1,412.5,101100,0,0
0,3x10',117.3,418.6,10000,0,0
0,1',106.5,432.4,1001,0,0
0,3x2000m,119.4,421.9,11,0,0
0,100m,89.5,413.7,11011,0,0
0,3x7',120.0,427.7,11110,0,0
0,3x10',120.7,432.4,10000,0,0
0,3x2000m,112.8,419.0,11,0,0
0,3x7',122.4,449.0,11110,0,0
0,1',102.4,419.3,1001,0,0
0,3x2000m,127.6,449.0,11,0,0
0,1',103.4,419.3,1001,0,0
0,1',103.1,419.3,1001,0,0
0,3x10',110.8,419.3,10000,0,0
0,3x2000m,114.2,420.5,11,0,0
0,3x10',121.8,420.8,10000,0,0
0,5x5',109.2,415.0,0,0,0
0,1',102.3,419.3,1001,0,0
0,1500m+500m,107.6,427.7,10010,0,0
0,1',106.7,432.4,1001,0,0
0,3x2000m,112.6,411.4,11,0,0
0,3x2000m,113.8,420.3,11,0,0
0,1',103.8,429.2,1001,0,0
0,3x10',114.7,419.3,10000,0,0
0,1',102.4,419.3,1001,0,0
0,1',103.4,418.6,1001,0,0
0,3x2000m,119.3,419.0,11,0,0
0,1',98.4,412.5,1001,0,0
0,1',100.9,419.3,1001,0,0
0,1',101.1,412.5,1001,0,0
0,1',103.3,416.9,1001,0,0
0,3x10',114.3,420.8,10000,0,0
0,3x7',112.8,405.5,11110,0,0
0,100m,92.0,433.8,11011,0,0
0,3x10',123.7,418.6,10000,0,0
0,2x2000m,106.3,412.5,1100,0,0
0,3x4000m,111.6,405.5,1110,0,0
0,1',104.7,419.3,1001,0,0
0,3x2000m,117.5,421.9,11,0,0
0,3x2000m,108.2,405.5,11,0,0
0,2x10',124.1,418.6,101100,0,0
0,3x2000m,123.6,428.3,11,0,0
0,3x8',117.8,427.7,11111,0,0
0,1500m+500m,102.5,420.5,10010,0,0
0,3x10',116.1,429.2,10000,0,0
0,1000m,112.2,449.0,10001,0,0
0,3x2000m,118.2,420.3,11,0,0
0,1',100.1,418.6,1001,0,0
0,3x8',121.0,428.3,11111,0,0
0,3x2000m,113.9,402.7,11,0,0
0,3x2000m,116.1,427.7,11,0,0
0,5x5',114.5,424.5,0,0,0
0,3x7',111.8,420.5,11110,0,0
0,3x8',110.7,405.5,11111,0,0
0,3x20',125.0,427.1,10,0,0
0,3x10',113.4,419.3,10000,0,0
0,3x7',115.6,405.5,11110,0,0
0,3x10',115.5,432.4,10000,0,0
0,1',106.6,412.5,1001,0,0
0,1500m+500m,102.4,420.3,10010,0,0
0,3x7',126.1,428.3,11110,0,0
0,3x20',126.0,413.7,10,0,0
0,1',102.1,420.8,1001,0,0
0,3x7',110.8,405.5,11110,0,0
0,1500m+500m,105.8,419.0,10010,0,0
0,5x5',111.2,415.6,0,0,0
0,3x2000m,111.4,421.9,11,0,0
0,3x10',117.8,431.6,10000,0,0
0,3x20',144.0,424.5,10,0,0
0,3x2000m,120.4,428.3,11,0,0
0,1500m+500m,107.2,428.3,10010,0,0
0,3x4000m,110.5,405.5,1110,0,0
0,3x8',113.9,420.5,11111,0,0
0,100m,93.0,432.3,11011,0,0
0,3x2000m,111.0,411.4,11,0,0
0,1',107.7,412.5,1001,0,0
0,3x8',119.4,428.3,11111,0,0
0,3x10',120.5,419.3,10000,0,0
0,3x4000m,118.2,428.3,1110,0,0
0,3x8',116.3,428.3,11111,0,0
0,1',101.8,418.6,1001,0,0
0,3x8',111.7,405.5,11111,0,0
0,3x2000m,108.9,411.4,11,0,0
0,2x2000m,110.8,418.6,1100,0,0
0,3x4000m,112.1,405.5,1110,0,0
0,1500m+500m,112.8,449.0,10010,0,0
0,1000m+500m,117.5,449.0,10110,0,0
0,1',101.7,419.3,1001,0,0
0,3x2000m,116.1,419.0,11,0,0
0,1',115.5,412.5,1001,0,0
0,1',108.0,418.6,1001,0,0
0,3x2000m,124.2,420.5,11,0,0
0,2000m,100.7,402.7,1010,0,0
0,3x7',118.3,420.5,11110,0,0
0,3x8',124.7,428.3,11111,0,0
0,3x8',114.7,415.6,11111,0,0
0,3x2000m,115.8,421.9,11,0,0
0,100m,93.0,424.5,11011,0,0
0,3x10',129.0,432.4,10000,0,0
0,3x10',116.6,418.6,10000,0,0
0,3x4000m,121.1,427.7,1110,0,0
0,3x2000m,105.7,405.5,11,0,0
0,3x2000m,110.3,415.6,11,0,0
0,3x2000m,108.8,420.3,11,0,0
0,3x10',111.1,419.3,10000,0,0
0,5x5',108.9,405.5,0,0,0
0,3x10',114.4,432.4,10000,0,0
0,1500m+500m,102.5,415.6,10010,0,0
0,2x2000m,107.6,412.5,1100,0,0
0,5x5',115.1,427.1,0,0,0
0,1',101.3,412.5,1001,0,0
0,3x2000m,122.6,421.9,11,0,0
0,3x4000m,118.7,428.3,1110,0,0
0,3x10',113.3,431.6,10000,0,0
0,3x8',109.7,405.5,11111,0,0
0,1',104.4,419.3,1001,0,0
0,1',102.7,412.5,1001,0,0
0,3x7',111.1,405.5,11110,0,0
0,1',101.0,419.3,1001,0,0
0,3x2000m,111.5,411.4,11,0,0
0,3x10',122.6,412.5,10000,0,0
0,3x10',118.2,412.5,10000,0,0
0,1',99.0,418.6,1001,0,0
0,3x4000m,118.0,420.5,1110,0,0
0,3x10',120.3,418.6,10000,0,0
0,3x2000m,116.5,428.3,11,0,0
0,3x2000m,114.0,415.6,11,0,0
0,3x2000m,115.0,402.7,11,0,0
0,5x5',106.0,405.5,0,0,0
0,1',106.0,439.7,1001,0,0
0,5x5',111.3,415.4,0,0,0
0,3x7',116.8,415.6,11110,0,0
0,3x10',99.0,412.5,10000,0,0
0,2x2000m,108.5,419.3,1100,0,0
0,3x2000m,113.5,421.9,11,0,0
0,3x2000m,122.4,420.5,11,0,0
0,3x8',111.0,405.5,11111,0,0
0,5x5',119.9,449.0,0,0,0
0,5x5',110.7,415.6,0,0,0
0,3x7',121.1,428.3,11110,0,0
0,3x8',117.9,428.3,11111,0,0
0,3x2000m,118.9,428.3,11,0,0
0,3x2000m,118.2,420.5,11,0,0
0,57',134.9,420.5,11101,0,0
0,3x7',125.3,449.0,11110,0,0
0,3x8',112.2,405.5,11111,0,0
0,3x2000m,115.1,420.5,11,0,0
0,5x5',106.6,405.5,0,0,0
0,3x10',115.3,431.6,10000,0,0
0,3x10',116.4,419.3,10000,0,0
0,3x10',120.3,418.6,10000,0,0
0,3x7',123.6,449.0,11110,0,0
0,1',105.0,418.6,1001,0,0
0,3x10',119.9,432.4,10000,0,0
0,3x2000m,117.3,427.7,11,0,0
0,5x5',112.4,415.4,0,0,0
0,3x2000m,118.6,420.3,11,0,0
0,1',116.9,412.5,1001,0,0
0,3x10',122.4,431.6,10000,0,0
0,3x2000m,115.6,420.5,11,0,0
0,3x8',116.3,428.3,11111,0,0
0,3x10',118.8,431.6,10000,0,0
0,3x2000m,109.7,402.7,11,0,0
0,3x7',118.1,427.7,11110,0,0
0,3x2000m,120.4,402.7,11,0,0
0,3x10',114.0,420.8,10000,0,0
0,3x10',121.9,439.7,10000,0,0
0,2x2000m,106.2,419.3,1100,0,0
0,3x7',111.3,405.5,11110,0,0
0,3x7',112.5,428.3,11110,0,0
0,3x10',115.3,431.6,10000,0,0
0,3x8',122.2,420.5,11111,0,0
0,3x7',119.0,420.5,11110,0,0
0,1000m,106.2,427.1,10001,0,0
0,3x10',99.6,412.5,10000,0,0
0,3x7',113.8,415.6,11110,0,0
0,1000m+500m,104.9,428.3,10110,0,0
0,3x10',119.8,439.7,10000,0,0
0,2x2000m,107.6,419.3,1100,0,0
0,3x7',115.0,415.6,11110,0,0
0,3x10',120.0,432.4,10000,0,0
0,2x2000m,106.8,418.6,1100,0,0
0,3x10',123.3,432.4,10000,0,0
0,3x2000m,123.3,420.3,11,0,0
0,3x10',115.2,419.3,10000,0,0
0,3x8',117.6,415.6,11111,0,0
0,3x10',117.3,431.6,10000,0,0
0,3x10',112.2,431.6,10000,0,0
0,1500m+500m,98.8,411.4,10010,0,0
0,3x2000m,117.4,428.3,11,0,0
0,3x10',117.7,429.2,10000,0,0
0,1',101.9,419.3,1001,0,0
0,2x10',128.5,412.5,101100,0,0
0,5x5',117.5,427.7,0,0,0
0,5x5',113.9,420.5,0,0,0
0,3x2000m,117.2,428.3,11,0,0
0,1',104.0,419.3,1001,0,0
0,1500m+500m,102.5,411.4,10010,0,0
0,3x4000m,118.0,428.3,1110,0,0
0,5x5',115.5,424.5,0,0,0
0,3x8',118.6,427.7,11111,0,0
0,3x10',118.3,431.6,10000,0,0
0,3x10',118.8,412.5,10000,0,0
0,3x2000m,122.4,420.3,11,0,0
0,3x2000m,115.4,419.0,11,0,0
0,3x8',119.0,427.7,11111,0,0
0,3x2000m,117.7,415.6,11,0,0
0,1',104.0,427.1,1001,0,0
0,3x2000m,117.8,415.6,11,0,0
0,3x2000m,129.9,420.3,11,0,0
0,1',101.0,420.8,1001,0,0
0,3x10',123.7,412.5,10000,0,0
0,3x7',116.5,428.3,11110,0,0
0,57',129.9,419.0,11101,0,0
0,3x20',126.0,423.2,10,0,0
0,1',102.5,419.3,1001,0,0
0,3x7',118.6,427.7,11110,0,0
0,3x2000m,121.3,427.7,11,0,0
0,1',103.2,431.6,1001,0,0
0,3x2000m,116.5,419.0,11,0,0
0,2x2000m,107.5,412.5,1100,0,0
0,3x10',118.8,431.6,10000,0,0
0,1',105.5,419.3,1001,0,0
0,3x2000m,117.9,428.3,11,0,0
0,1',112.0,424.5,1001,0,0
0,1000m+500m,106.9,427.7,10110,0,0
0,3x2000m,110.0,411.4,11,0,0
0,3x10',116.7,431.6,10000,0,0
0,1500m+500m,100.7,402.7,10010,0,0
0,3x2000m,109.9,411.4,11,0,0
0,3x7',119.3,428.3,11110,0,0
0,3x10',122.1,439.7,10000,0,0
0,3x10',118.2,439.7,10000,0,0
0,3x7',123.6,420.5,11110,0,0
0,3x7',124.6,449.0,11110,0,0
0,1',100.5,418.6,1001,0,0
0,1',101.9,418.6,1001,0,0
0,3x7',119.0,428.3,11110,0,0
0,3x2000m,115.7,428.3,11,0,0
0,3x2000m,116.0,420.3,11,0,0
0,2000m,106.4,419.0,1010,0,0
0,3x8',112.4,428.3,11111,0,0
0,3x2000m,111.5,415.6,11,0,0
0,3x7',120.1,428.3,11110,0,0
0,3x2000m,117.5,420.3,11,0,0
0,1',103.7,431.6,1001,0,0
0,3x10',114.1,431.6,10000,0,0
0,1',100.5,412.5,1001,0,0
0,1000m+500m,101.7,405.5,10110,0,0
0,1',104.3,431.6,1001,0,0
0,5x5',115.2,427.7,0,0,0
0,3x8',119.2,427.7,11111,0,0
0,1',105.3,412.5,1001,0,0
0,3x10',120.5,439.7,10000,0,0
0,3x2000m,115.8,419.0,11,0,0
0,2x10',119.3,419.3,101100,0,0
0,3x7',115.1,415.6,11110,0,0
0,3x2000m,119.2,428.3,11,0,0
0,3x10',102.2,412.5,10000,0,0
0,3x10',118.0,429.2,10000,0,0
0,1',102.1,431.6,1001,0,0
0,2000m,109.0,421.9,1010,0,0
0,3x7',114.9,415.6,11110,0,0
0,3x2000m,118.8,428.3,11,0,0
0,1000m+500m,105.8,427.7,10110,0,0
0,1500m+500m,107.6,420.3,10010,0,0
0,1000m+500m,102.1,428.3,10110,0,0
0,3x2000m,116.3,427.7,11,0,0
0,3x2000m,125.3,427.7,11,0,0
0,100m,91.5,423.2,11011,0,0
0,3x10',118.6,429.2,10000,0,0
0,1500m+500m,108.0,431.6,10010,0,0
0,3x2000m,126.1,420.3,11,0,0
0,3x2000m,120.9,428.3,11,0,0
0,1',103.1,418.6,1001,0,0
0,3x7',126.3,449.0,11110,0,0
0,1000m+500m,110.7,428.3,10110,0,0
0,1500m+500m,102.2,416.9,10010,0,0
0,2x2000m,112.8,412.5,1100,0,0
0,3x2000m,117.2,428.3,11,0,0
0,3x2000m,108.9,421.9,11,0,0
0,3x2000m,117.0,428.3,11,0,0
0,3x8',118.3,420.5,11111,0,0
0,3x2000m,114.6,427.7,11,0,0
0,3x7',121.9,428.3,11110,0,0
0,3x2000m,118.8,427.7,11,0,0
0,3x2000m,110.7,402.7,11,0,0
0,1500m+500m,102.1,420.3,10010,0,0
0,1',101.4,420.8,1001,0,0
0,3x7',120.1,428.3,11110,0,0
0,3x8',111.9,405.5,11111,0,0
0,3x10',115.4,419.3,10000,0,0
0,1500m+500m,108.6,432.4,10010,0,0
0,1',104.8,432.4,1001,0,0
0,2000m,104.5,411.4,1010,0,0
0,3x7',119.2,427.7,11110,0,0
0,3x8',116.3,420.5,11111,0,0
0,3x2000m,115.8,402.7,11,0,0
0,3x10',119.2,432.4,10000,0,0
0,3x2000m,125.8,419.0,11,0,0
0,1',102.9,418.6,1001,0,0
0,3x2000m,119.7,427.7,11,0,0
0,1500m+500m,105.8,428.3,10010,0,0
0,3x10',120.0,439.7,10000,0,0
0,2x2000m,107.1,418.6,1100,0,0
0,3x2000m,113.9,420.3,11,0,0
0,3x7',113.5,415.6,11110,0,0
0,3x2000m,118.9,427.7,11,0,0
0,3x2000m,112.9,421.9,11,0,0
0,3x2000m,124.9,449.0,11,0,0
0,3x10',118.3,432.4,10000,0,0
0,1500m+500m,96.5,419.0,10010,0,0
0,3x7',123.1,428.3,11110,0,0
0,3x4000m,113.9,428.3,1110,0,0
0,3x2000m,114.7,405.5,11,0,0
0,1500m+500m,107.6,431.6,10010,0,0
0,1',107.0,412.5,1001,0,0
0,3x10',115.2,420.8,10000,0,0
0,3x10',102.1,412.5,10000,0,0
0,3x2000m,120.8,420.3,11,0,0
0,3x7',110.0,405.5,11110,0,0
0,3x2000m,120.4,428.3,11,0,0
0,3x7',113.8,415.6,11110,0,0
0,1500m+500m,114.3,416.9,10010,0,0
0,3x2000m,117.6,420.5,11,0,0
0,3x10',115.6,439.7,10000,0,0
0,1',103.6,412.5,1001,0,0
0,3x2000m,116.9,427.7,11,0,0
0,3x2000m,119.4,420.3,11,0,0
0,2000m,107.3,420.3,1010,0,0
0,3x4000m,119.1,427.7,1110,0,0
0,3x7',110.3,405.5,11110,0,0
0,3x10',120.3,418.6,10000,0,0
0,3x2000m,119.2,420.3,11,0,0
0,3x2000m,124.4,420.3,11,0,0
0,3x2000m,120.7,427.7,11,0,0
0,3x10',127.0,429.2,10000,0,0
0,3x7',125.1,449.0,11110,0,0
0,1500m+500m,105.8,427.7,10010,0,0
0,3x2000m,120.3,421.9,11,0,0
0,3x10',119.5,439.7,10000,0,0
0,3x10',117.5,412.5,10000,0,0
0,3x2000m,118.1,420.3,11,0,0
0,5x5',111.2,423.2,0,0,0
0,1',104.4,431.6,1001,0,0
0,2x2000m,106.7,419.3,1100,0,0
0,3x7',119.0,427.7,11110,0,0
0,1500m+500m,104.3,420.8,10010,0,0
0,3x2000m,112.4,407.8,11,0,1
0,3x10',110.8,391.2,10000,0,1
0,1',104.9,411.8,1001,0,1
0,3x10',117.6,407.0,10000,0,1
0,4x8',108.2,409.9,1111,0,1
0,3x12',112.6,423.4,11000,0,1
0,1',101.3,419.4,1001,0,1
0,1500m+500m,102.8,411.8,10010,0,1
0,3x10',111.3,387.9,10000,0,1
0,1500m+500m,96.2,390.0,10010,0,1
0,3x2000m,105.2,412.3,11,0,1
0,3x10',121.5,419.4,10000,0,1
0,3x10',118.0,406.7,10000,0,1
0,3x2000m,105.6,390.7,11,0,1
0,3x2000m,109.0,408.0,11,0,1
0,2x25',118.1,415.2,11001,0,1
0,8x500m,102.7,415.2,11010,0,1
0,1',95.4,400.0,1001,0,1
0,3x2000m,104.6,390.7,11,0,1
0,3x2000m,113.5,400.9,11,0,1
0,6x500m,99.3,407.6,111,0,1
0,2x2000m,102.9,398.2,1100,0,1
0,4x8',108.0,421.0,1111,0,1
0,1',96.6,397.2,1001,0,1
0,3x10',115.3,409.4,10000,0,1
0,8x3',106.1,412.3,10011,0,1
0,3x1000m,98.3,402.6,110,0,1
0,3x2000m,105.3,396.4,11,0,1
0,1',98.6,402.7,1001,0,1
0,4x8',109.9,409.9,1111,0,1
0,3x4000m,111.4,408.0,1110,0,1
0,3x1000m,99.2,408.4,110,0,1
0,6x500m,106.0,409.9,111,0,1
0,3x2000m,108.7,406.8,11,0,1
0,3x10',109.2,402.7,10000,0,1
0,3x10',116.2,411.8,10000,0,1
0,8x3',103.8,410.6,10011,0,1
0,3x2000m,107.0,390.0,11,0,1
0,2x2000m,105.3,406.6,1100,0,1
0,3x2000m,102.7,400.0,11,0,1
0,3x10',116.2,406.6,10000,0,1
0,3x2000m,115.5,414.3,11,0,1
0,4x8',109.3,412.3,1111,0,1
0,1',96.1,411.4,1001,0,1
0,3x10',116.7,419.4,10000,0,1
0,3x10',109.2,400.2,10000,0,1
0,6x500m,94.0,390.0,111,0,1
0,6x500m,94.0,409.9,111,0,1
0,3x10',111.9,411.8,10000,0,1
0,3x2000m,108.5,410.6,11,0,1
0,3x2000m,106.9,400.9,11,0,1
0,2x2000m+500m,108.4,411.8,10101,0,1
0,4x8',107.9,399.6,1111,0,1
0,6x500m,102.0,409.9,111,0,1
0,8x3',105.6,421.0,10011,0,1
0,8x3',105.6,409.9,10011,0,1
0,8x3',108.4,421.0,10011,0,1
0,4x8',114.8,407.2,1111,0,1
0,4x5',108.7,415.2,10111,0,1
0,3x10',114.9,423.2,10000,0,1
0,1',94.5,397.2,1001,0,1
0,3x2000m,111.1,408.0,11,0,1
0,6x500m,101.0,401.2,111,0,1
0,3x2000m,109.5,407.0,11,0,1
0,1',99.9,419.4,1001,0,1
0,4x8',110.0,407.2,1111,0,1
0,8x3',108.5,421.0,10011,0,1
0,6000m,105.7,396.4,100,0,1
0,2x2000m,100.8,389.1,1100,0,1
0,3x2000m,107.9,401.4,11,0,1
0,3x10',111.2,400.2,10000,0,1
0,3x10',112.8,411.8,10000,0,1
0,3x12',112.0,416.7,11000,0,1
0,2x2000m,108.1,423.2,1100,0,1
0,1',95.6,393.0,1001,0,1
0,8x3',105.8,407.2,10011,0,1
0,8x5',107.9,396.4,1101,0,1
0,6x500m,103.0,402.7,111,0,1
0,3x10',116.4,406.7,10000,0,1
0,3x1000m,103.0,415.2,110,0,1
0,3x2000m,103.8,400.0,11,0,1
0,1',96.8,404.3,1001,0,1
0,1',96.2,393.0,1001,0,1
0,1',97.6,411.4,1001,0,1
0,6x500m,108.0,421.0,111,0,1
0,3x10',110.1,408.0,10000,0,1
0,8x3',103.8,401.2,10011,0,1
0,8x3',106.2,409.9,10011,0,1
0,3x2000m,106.5,396.4,11,0,1
0,4x750m,98.2,401.2,10100,0,1
0,3x10',112.5,402.7,10000,0,1
0,8x3',102.8,401.2,10011,0,1
0,3x2000m,112.0,407.2,11,0,1
0,6x500m,100.0,412.3,111,0,1
0,1',100.9,419.4,1001,0,1
0,4x8',108.4,409.9,1111,0,1
0,1',101.6,407.6,1001,0,1
0,8x500m,94.2,415.2,11010,0,1
0,3x4000m,111.0,402.2,1110,0,1
0,1',99.1,402.7,1001,0,1
0,8x3',102.7,401.2,10011,0,1
0,8x5',106.5,396.4,1101,0,1
0,8x3',104.6,410.6,10011,0,1
0,3x10',117.5,420.9,10000,0,1
0,3x12',112.6,408.4,11000,0,1
0,1',99.0,402.2,1001,0,1
0,3x2000m,97.3,374.2,11,0,1
0,3x4000m,106.8,396.2,1110,0,1
0,3x2000m,111.4,413.2,11,0,1
0,3x2000m,117.3,421.0,11,0,1
0,3x2000m,109.2,401.2,11,0,1
0,4x8',109.5,408.0,1111,0,1
0,4x5',108.3,414.6,10111,0,1
0,6x500m,104.0,410.6,111,0,1
0,3x10',108.1,397.2,10000,0,1
0,3x2000m,118.0,399.6,11,0,1
0,1',96.7,411.4,1001,0,1
0,3x10',109.7,391.2,10000,0,1
0,3x10',113.7,406.6,10000,0,1
0,3x12',108.6,402.6,11000,0,1
0,8x3',109.0,399.6,10011,0,1
0,3x2000m,113.0,407.2,11,0,1
0,1500m+500m,96.6,391.2,10010,0,1
0,8x3',107.0,410.6,10011,0,1
0,3x2000m,105.2,398.8,11,0,1
0,8x500m,103.4,423.4,11010,0,1
0,1',99.1,400.0,1001,0,1
0,1',100.7,408.0,1001,0,1
0,3x2000m,109.3,407.8,11,0,1
0,3x10',118.2,419.4,10000,0,1
0,30',110.2,401.2,1011,0,1
0,1',100.4,406.7,1001,0,1
0,2x25',116.8,416.7,11001,0,1
0,3x10',107.0,390.0,10000,0,1
0,3x10',114.9,406.7,10000,0,1
0,2x2000m+500m,105.9,406.8,10101,0,1
0,1',101.9,423.2,1001,0,1
0,4x8',112.1,412.3,1111,0,1
0,3x10',106.3,387.9,10000,0,1
0,3x10',114.3,414.3,10000,0,1
0,3x10',114.4,409.4,10000,0,1
0,1',100.2,419.4,1001,0,1
0,1',101.3,411.8,1001,0,1
0,8x3',102.7,401.2,10011,0,1
0,6x500m,95.0,409.9,111,0,1
0,3x2000m,106.3,400.9,11,0,1
0,3x2000m,113.0,407.2,11,0,1
0,6x500m,105.8,407.6,111,0,1
0,8x3',103.9,410.6,10011,0,1
0,3x2000m,113.0,407.2,11,0,1
0,4x8',110.1,399.6,1111,0,1
0,3x2000m,102.9,381.0,11,0,1
0,2x2000m,101.3,393.0,1100,0,1
0,1000m+500m,98.5,402.7,10110,0,1
0,1',106.5,423.2,1001,0,1
0,8x3',101.2,399.6,10011,0,1
0,3x2000m,109.4,407.8,11,0,1
0,8x3',109.1,421.0,10011,0,1
0,8x500m,100.8,423.4,11010,0,1
0,2x10',112.8,406.6,101100,0,1
0,2x2000m,105.5,406.7,1100,0,1
0,1500m+500m,101.3,407.6,10010,0,1
0,8x3',104.9,409.9,10011,0,1
0,1',99.0,414.3,1001,0,1
0,8x500m,102.7,423.4,11010,0,1
0,1',102.2,420.9,1001,0,1
0,4x8',107.2,410.6,1111,0,1
0,3x10',119.1,414.6,10000,0,1
0,8x3',107.4,410.6,10011,0,1
0,3x10',114.6,391.2,10000,0,1
0,4x8',107.5,410.6,1111,0,1
0,4x8',110.0,410.6,1111,0,1
0,2x2000m,105.2,408.0,1100,0,1
0,1000m,104.0,407.2,10001,0,1
0,1',104.4,423.2,1001,0,1
0,1',102.5,423.2,1001,0,1
0,1500m+500m,100.4,407.2,10010,0,1
0,6x500m,99.7,414.3,111,0,1
0,1',101.5,409.4,1001,0,1
0,8x3',108.6,412.3,10011,0,1
0,8x3',104.1,421.0,10011,0,1
0,8x5',104.5,381.0,1101,0,1
0,1',94.5,398.6,1001,0,1
0,8x5',108.9,402.2,1101,0,1
0,3x2000m,107.5,398.8,11,0,1
0,3x2000m,106.8,400.9,11,0,1
0,3x10',115.5,419.4,10000,0,1
0,8x3',105.7,409.9,10011,0,1
0,3x2000m,104.4,400.0,11,0,1
0,4x8',115.6,412.3,1111,0,1
0,3x2000m,107.4,407.6,11,0,1
0,1',95.1,393.0,1001,0,1
0,3x2000m,108.8,400.9,11,0,1
0,3x2000m,110.7,404.5,11,0,1
0,3x2000m,114.9,413.2,11,0,1
0,2x10',117.3,411.8,101100,0,1
0,1',95.8,400.9,1001,0,1
0,2x2000m+500m,105.3,390.0,10101,0,1
0,3x2000m,99.7,374.2,11,0,1
0,8x3',104.3,410.6,10011,0,1
0,3x2000m,108.0,398.7,11,0,1
0,3x10',118.2,420.9,10000,0,1
0,1',96.6,393.0,1001,0,1
0,3x10',105.6,396.4,10000,0,1
0,8x3',103.4,401.2,10011,0,1
0,1',96.6,406.6,1001,0,1
0,1',99.2,396.4,1001,0,1
0,3x2000m,116.2,421.0,11,0,1
0,3x2000m,104.0,398.2,11,0,1
0,8x5',105.4,396.2,1101,0,1
0,2x2000m,105.3,397.2,1100,0,1
0,6x500m,98.7,390.0,111,0,1
0,1',100.7,411.4,1001,0,1
0,3x10',111.1,397.2,10000,0,1
0,1',94.3,393.0,1001,0,1
0,2x2000m,106.7,411.8,1100,0,1
0,2x2000m+500m,107.3,414.3,10101,0,1
0,4x8',108.9,421.0,1111,0,1
0,4x8',110.8,412.3,1111,0,1
0,2x2000m,95.4,374.2,1100,0,1
0,3x10',108.1,400.2,10000,0,1
0,3x10',111.1,390.0,10000,0,1
0,1',101.4,420.9,1001,0,1
0,1500m+500m,107.5,421.0,10010,0,1
0,3x10',113.6,409.4,10000,0,1
0,6x500m,100.0,421.0,111,0,1
0,8x3',105.9,407.2,10011,0,1
0,3x2000m,106.8,402.2,11,0,1
0,4x8',114.7,412.3,1111,0,1
0,3x10',111.3,393.0,10000,0,1
0,6000m,107.7,404.3,100,0,1
0,1',99.0,419.4,1001,0,1
0,4x8',109.0,410.6,1111,0,1
0,3x10',111.9,411.4,10000,0,1
0,1',103.8,420.9,1001,0,1
0,1',93.0,396.2,1001,0,1
0,3x2000m,110.2,410.6,11,0,1
0,3x2000m,119.5,411.8,11,0,1
0,3x20',128.0,400.9,10,0,1
0,8x3',106.6,407.2,10011,0,1
0,1500m+500m,98.6,421.0,10010,0,1
0,3x10',105.4,391.2,10000,0,1
0,1',99.4,419.4,1001,0,1
0,2x10',141.3,414.6,101100,0,1
0,1000m+500m,94.7,390.0,10110,0,1
0,3x10',116.5,409.4,10000,0,1
0,8x3',104.1,407.2,10011,0,1
0,8x3',106.2,412.3,10011,0,1
0,4x8',109.6,421.0,1111,0,1
0,3x10',117.1,406.7,10000,0,1
0,8x3',104.5,409.9,10011,0,1
0,3x2000m,104.8,372.1,11,0,1
0,2x2000m,105.6,393.0,1100,0,1
0,8x3',102.7,401.2,10011,0,1
0,1000m+500m,95.5,391.2,10110,0,1
0,8x3',105.2,409.9,10011,0,1
0,8x3',106.2,399.6,10011,0,1
0,2x2000m,104.1,404.5,1100,0,1
0,1',92.2,393.0,1001,0,1
0,2x2000m+500m,106.8,391.2,10101,0,1
0,8x3',106.1,421.0,10011,0,1
0,3x10',111.3,411.4,10000,0,1
0,3x10',113.6,420.9,10000,0,1
0,2x2000m,108.8,419.4,1100,0,1
0,3x20',119.0,398.7,10,0,1
0,1',101.5,406.7,1001,0,1
0,3x10',114.7,420.9,10000,0,1
0,3x2000m,114.6,404.5,11,0,1
0,3x10',115.5,420.9,10000,0,1
0,2x2000m,105.5,397.2,1100,0,1
0,1',97.7,400.2,1001,0,1
0,1',101.4,420.9,1001,0,1
0,8x3',106.7,412.3,10011,0,1
0,3x12',113.1,414.6,11000,0,1
0,8x3',104.0,410.6,10011,0,1
0,3x2000m,106.8,398.2,11,0,1
0,3x2000m,108.5,401.2,11,0,1
0,3x10',113.4,411.8,10000,0,1
0,3x10',110.9,390.0,10000,0,1
0,8x3',110.0,399.6,10011,0,1
0,3x10',113.9,414.6,10000,0,1
0,1',93.6,400.2,1001,0,1
0,4x750m,96.2,412.3,10100,0,1
0,3x10',110.0,393.0,10000,0,1
0,3x2000m,103.5,389.1,11,0,1
0,8x3',102.8,399.6,10011,0,1
0,3x2000m,107.3,409.9,11,0,1
0,8x500m,101.2,408.4,11010,0,1
0,8x3',106.3,421.0,10011,0,1
0,8x3',105.0,399.6,10011,0,1
0,3x2000m,114.5,404.5,11,0,1
0,3x2000m,99.3,372.1,11,0,1
0,2x2000m,108.1,414.6,1100,0,1
0,3x2000m,104.1,409.9,11,0,1
0,6x500m,106.0,410.6,111,0,1
0,3x2000m,106.8,408.0,11,0,1
0,3x10',115.0,414.3,10000,0,1
0,4x750m,104.8,407.2,10100,0,1
0,8x3',106.5,409.9,10011,0,1
0,3x2000m,106.2,407.2,11,0,1
0,8x3',106.7,407.2,10011,0,1
0,4x8',108.9,407.2,1111,0,1
0,3x2000m,112.3,412.3,11,0,1
0,3x20',118.0,398.7,10,0,1
0,1',104.4,423.2,1001,0,1
0,3x10',112.6,420.9,10000,0,1
0,3x2000m,106.1,390.7,11,0,1
0,2x2000m+500m,101.0,407.0,10101,0,1
0,3x2000m,110.5,401.2,11,0,1
0,1',94.0,393.0,1001,0,1
0,3x2000m,108.2,401.6,11,0,1
0,8x3',104.8,401.2,10011,0,1
0,8x3',104.6,399.6,10011,0,1
0,6x500m,108.0,421.0,111,0,1
0,8x5',109.3,400.0,1101,0,1
0,2x2000m+500m,101.3,391.2,10101,0,1
0,8x3',101.7,409.9,10011,0,1
0,1',96.8,396.4,1001,0,1
0,2x2000m,100.9,393.0,1100,0,1
0,3x10',113.4,402.7,10000,0,1
0,8x3',104.0,399.6,10011,0,1
0,3x2000m,108.9,414.3,11,0,1
0,8x3',106.9,421.0,10011,0,1
0,8x5',106.7,404.3,1101,0,1
0,1',113.4,411.8,1001,0,1
0,6x500m,94.9,390.0,111,0,1
0,6x500m,110.0,421.0,111,0,1
0,3x10',115.4,411.8,10000,0,1
0,3x10',110.4,409.4,10000,0,1
0,8x3',102.7,401.2,10011,0,1
0,6x500m,95.0,407.2,111,0,1
0,3x10',111.6,397.2,10000,0,1
0,4x8',111.7,407.2,1111,0,1
0,8x3',107.2,421.0,10011,0,1
0,3x2000m,109.4,407.8,11,0,1
0,1',100.8,414.6,1001,0,1
0,3x10',112.6,414.6,10000,0,1
0,3x10',104.5,381.0,10000,0,1
0,2x2000m,106.8,419.4,1100,0,1
0,8x3',106.1,407.2,10011,0,1
0,1',101.1,419.4,1001,0,1
0,4x5',108.3,408.4,10111,0,1
0,3x10',111.9,393.0,10000,0,1
0,8x3',103.9,410.6,10011,0,1
0,3x10',114.0,402.7,10000,0,1
0,3x10',116.8,409.4,10000,0,1
0,2x2000m,107.1,413.2,1100,0,1
0,4x8',107.7,399.6,1111,0,1
0,2x10',121.5,420.9,101100,0,1
0,4x8',109.8,401.2,1111,0,1
0,3x2000m,110.3,391.2,11,0,1
0,3x2000m,103.8,381.0,11,0,1
0,3x10',113.4,411.4,10000,0,1
0,4x5',106.8,415.2,10111,0,1
0,3x2000m,104.4,391.2,11,0,1
0,8x3',103.3,407.2,10011,0,1
0,1500m+500m,103.8,411.8,10010,0,1
0,30',115.0,412.3,1011,0,1
0,3x10',114.9,411.4,10000,0,1
0,1',102.0,406.7,1001,0,1
0,1',98.4,409.4,1001,0,1
0,1',104.2,396.4,1001,0,1
0,4x8',107.2,399.6,1111,0,1
0,3x10',110.0,398.6,10000,0,1
0,1',96.6,406.6,1001,0,1
0,3x2000m,101.0,396.2,11,0,1
0,3x4000m,108.8,396.4,1110,0,1
0,1',95.5,387.9,1001,0,1
0,2x2000m+500m,99.9,406.8,10101,0,1
0,1',98.3,411.8,1001,0,1
0,3x2000m,113.6,413.2,11,0,1
0,8x3',111.8,399.6,10011,0,1
0,4x8',110.3,412.3,1111,0,1
0,3x2000m,110.0,400.9,11,0,1
0,3x10',106.8,402.2,10000,0,1
0,3x10',109.0,397.2,10000,0,1
0,4x750m,109.9,412.3,10100,0,1
0,4x750m,105.2,409.9,10100,0,1
0,8x3',105.7,409.9,10011,0,1
0,2x10',116.9,411.4,101100,0,1
0,3x2000m,113.0,407.8,11,0,1
0,4x8',106.0,401.2,1111,0,1
0,6x500m,101.6,411.8,111,0,1
0,1',96.6,411.4,1001,0,1
0,4x8',112.0,412.3,1111,0,1
0,1',99.9,406.6,1001,0,1
0,3x10',115.9,419.4,10000,0,1
0,8x3',103.4,401.2,10011,0,1
0,1500m+500m,99.2,401.2,10010,0,1
0,8x3',106.4,421.0,10011,0,1
0,3x2000m,101.3,372.1,11,0,1
0,4x8',110.1,401.2,1111,0,1
0,1',96.9,414.6,1001,0,1
0,2x2000m,102.6,397.2,1100,0,1
0,3x2000m,104.2,398.7,11,0,1
0,1',114.1,414.6,1001,0,1
0,8x3',103.8,401.2,10011,0,1
0,3x10',110.8,406.6,10000,0,1
0,1',95.3,393.0,1001,0,1
0,3x10',118.6,407.0,10000,0,1
0,8x3',106.8,421.0,10011,0,1
0,4x8',109.9,410.6,1111,0,1
0,3x10',115.5,411.8,10000,0,1
0,3x10',106.8,390.0,10000,0,1
0,2x10',108.5,397.2,101100,0,1
0,4x8',107.7,399.6,1111,0,1
0,3x10',113.2,411.4,10000,0,1
0,3x2000m,101.8,381.0,11,0,1
0,6000m,109.0,401.6,100,0,1
0,4x8',110.0,412.3,1111,0,1
0,8x500m,99.0,402.6,11010,0,1
0,1500m+500m,99.7,407.6,10010,0,1
0,8x3',106.2,410.6,10011,0,1
0,1000m+500m,99.9,407.6,10110,0,1
0,3x2000m,107.4,402.7,11,0,1
0,3x10',121.9,411.8,10000,0,1
0,3x2000m,106.0,401.6,11,0,1
0,3x10',115.2,419.4,10000,0,1
0,1000m+500m,98.0,402.7,10110,0,1
0,2x2000m,106.4,401.6,1100,0,1
0,2x2000m,102.4,398.8,1100,0,1
0,1',104.1,419.4,1001,0,1
0,1',95.8,397.2,1001,0,1
0,3x10',119.3,419.4,10000,0,1
0,3x2000m,103.1,400.0,11,0,1
0,1',96.5,400.2,1001,0,1
0,6x500m,103.3,406.8,111,0,1
0,3x2000m,119.3,411.8,11,0,1
0,3x10',115.2,406.7,10000,0,1
0,1000m+500m,100.1,407.6,10110,0,1
0,6x500m,99.3,407.6,111,0,1
0,4x750m,96.8,399.6,10100,0,1
0,3x2000m,105.5,398.7,11,0,1
0,8x3',104.0,410.6,10011,0,1
0,3x2000m,105.6,404.5,11,0,1
0,1',100.4,402.7,1001,0,1
0,3x2000m,109.0,401.4,11,0,1
0,4x8',106.0,401.6,1111,0,1
0,1',97.4,411.8,1001,0,1
0,1500m+500m,99.0,402.7,10010,0,1
0,3x10',108.9,387.9,10000,0,1
0,1',101.6,407.6,1001,0,1
0,4x8',108.5,399.6,1111,0,1
0,8x3',105.8,407.2,10011,0,1
0,3x2000m,103.7,389.1,11,0,1
0,1',101.4,420.9,1001,0,1
0,1',94.0,390.7,1001,0,1
0,1',95.1,387.9,1001,0,1
0,4x750m,104.7,407.2,10100,0,1
0,2x2000m,102.7,396.4,1100,0,1
0,2x2000m,110.6,423.2,1100,0,1
0,4x8',114.0,412.3,1111,0,1
0,4x750m,102.5,409.9,10100,0,1
0,3x10',110.3,400.2,10000,0,1
0,3x2000m,105.4,401.4,11,0,1
0,6x500m,100.0,407.2,111,0,1
0,3x10',108.9,393.0,10000,0,1
0,4x5',103.7,415.2,10111,0,1
0,4x5',109.0,416.7,10111,0,1
0,1',101.3,419.4,1001,0,1
0,1000m+500m,100.7,407.0,10110,0,1
0,1',101.4,406.7,1001,0,1
0,3x2000m,104.2,381.0,11,0,1
0,8x3',109.3,399.6,10011,0,1
0,3x10',114.7,407.6,10000,0,1
0,4x5',107.9,416.7,10111,0,1
0,1',97.6,411.4,1001,0,1
0,3x2000m,110.9,407.6,11,0,1
0,2x2000m,111.9,414.6,1100,0,1
0,8x3',103.5,401.2,10011,0,1
0,3x2000m,101.0,374.2,11,0,1
0,4x8',105.7,401.6,1111,0,1
0,2x2000m,111.4,420.9,1100,0,1
0,3x10',118.2,423.2,10000,0,1
0,3x2000m,107.3,407.0,11,0,1
0,4x8',113.7,412.3,1111,0,1
0,4x8',109.0,407.2,1111,0,1
0,4x8',115.5,412.3,1111,0,1
0,3x10',109.6,397.2,10000,0,1
0,3x10',117.1,414.6,10000,0,1
0,1',100.6,414.6,1001,0,1
0,2x2000m,102.8,397.2,1100,0,1
0,3x2000m,104.1,410.6,11,0,1
0,8x3',100.1,399.6,10011,0,1
0,8x3',108.2,410.6,10011,0,1
0,8x3',103.9,410.6,10011,0,1
0,8x500m,100.1,408.4,11010,0,1
0,3x10',117.3,406.7,10000,0,1
0,1',99.1,419.4,1001,0,1
0,3x1000m,100.4,396.4,110,0,1
0,3x10',112.4,409.4,10000,0,1
0,6x500m,102.5,407.6,111,0,1
0,4x5',108.3,416.7,10111,0,1
0,6x500m,110.2,411.8,111,0,1
0,8x3',103.9,409.9,10011,0,1
0,8x3',108.8,412.3,10011,0,1
0,4x8',106.8,402.2,1111,0,1
0,1500m+500m,101.1,399.6,10010,0,1
0,1',100.9,401.6,1001,0,1
0,3x10',117.3,420.9,10000,0,1
0,3x10',109.3,400.2,10000,0,1
0,4x5',107.8,423.4,10111,0,1
0,1',105.9,423.2,1001,0,1
0,3x10',129.5,411.8,10000,0,1
0,8x3',102.7,401.2,10011,0,1
0,4x8',106.6,404.3,1111,0,1
0,2x10',121.3,419.4,101100,0,1
0,3x2000m,106.5,401.2,11,0,1
0,3x12',109.2,415.2,11000,0,1
0,1',105.9,411.8,1001,0,1
0,4x8',107.7,421.0,1111,0,1
0,6x500m,102.0,402.7,111,0,1
0,4x8',114.8,407.2,1111,0,1
0,8x3',106.2,409.9,10011,0,1
0,3x2000m,103.1,412.3,11,0,1
0,8x500m,105.4,416.7,11010,0,1
0,3x2000m,105.1,381.0,11,0,1
0,1',97.5,400.2,1001,0,1
0,3x10',108.9,398.6,10000,0,1
0,6x500m,100.0,412.3,111,0,1
0,3x20',119.4,398.7,10,0,1
0,4x8',110.8,410.6,1111,0,1
0,6000m,109.2,402.2,100,0,1
0,8x3',105.9,407.2,10011,0,1
0,3x2000m,110.2,407.8,11,0,1
0,4x8',108.3,399.6,1111,0,1
0,3x2000m,113.4,407.0,11,0,1
0,3x10',120.0,411.8,10000,0,1
0,8x500m,96.4,402.6,11010,0,1
0,8x3',106.0,412.3,10011,0,1
0,1',98.5,411.4,1001,0,1
0,30',112.3,399.6,1011,0,1
0,3x1000m,105.0,414.6,110,0,1
0,3x10',109.4,393.0,10000,0,1
0,8x3',106.3,401.2,10011,0,1
0,1',104.4,420.9,1001,0,1
0,4x8',114.3,412.3,1111,0,1
0,3x10',111.3,398.6,10000,0,1
0,8x3',106.8,407.2,10011,0,1
0,8x3',114.9,421.0,10011,0,1
0,3x2000m,108.2,398.7,11,0,1
0,1',93.7,393.0,1001,0,1
0,3x10',117.3,423.2,10000,0,1
0,2x2000m,105.5,411.4,1100,0,1
0,6x500m,96.4,411.8,111,0,1
0,3x10',113.3,398.6,10000,0,1
0,2x2000m,108.1,408.0,1100,0,1
0,8x3',107.1,412.3,10011,0,1
0,3x2000m,107.0,412.3,11,0,1
0,2x2000m,103.4,404.3,1100,0,1
0,3x10',115.7,414.6,10000,0,1
0,1',97.7,397.2,1001,0,1
0,3x1000m,100.9,402.2,110,0,1
0,8x3',108.4,412.3,10011,0,1
0,4x8',108.6,410.6,1111,0,1
0,1',100.2,411.4,1001,0,1
0,4x8',107.7,404.3,1111,0,1
0,3x10',116.4,419.4,10000,0,1
0,3x10',113.2,407.6,10000,0,1
0,3x2000m,103.5,390.7,11,0,1
0,3x2000m,107.2,421.0,11,0,1
0,4x8',107.1,410.6,1111,0,1
0,30',113.4,421.0,1011,0,1
0,1',96.9,390.0,1001,0,1
0,4x8',101.9,396.2,1111,0,1
0,3x2000m,106.7,402.2,11,0,1
0,4x750m,102.6,409.9,10100,0,1
0,3x10',109.7,390.0,10000,0,1
0,8x3',105.7,407.2,10011,0,1
0,4x8',112.8,407.2,1111,0,1
0,3x10',108.9,391.2,10000,0,1
0,3x2000m,104.8,396.4,11,0,1
0,8x3',108.4,412.3,10011,0,1
0,3x1000m,98.6,400.0,110,0,1
0,1500m+500m,99.6,406.8,10010,0,1
0,8x3',104.0,410.6,10011,0,1
0,1',102.9,407.8,1001,0,1
0,6x500m,99.1,391.2,111,0,1
0,4x8',110.8,421.0,1111,0,1
0,4x8',106.7,401.2,1111,0,1
0,3x2000m,107.8,414.3,11,0,1
0,8x3',106.7,407.2,10011,0,1
0,3x2000m,103.5,400.0,11,0,1
0,8x500m,99.0,402.6,11010,0,1
0,4x8',111.1,409.9,1111,0,1
0,1',100.0,406.7,1001,0,1
0,8x3',103.8,421.0,10011,0,1
0,4x8',107.0,407.2,1111,0,1
0,4x8',108.8,407.2,1111,0,1
0,3x10',115.2,400.2,10000,0,1
0,6x500m,96.5,391.2,111,0,1
0,3x2000m,102.7,396.2,11,0,1
0,1',102.5,423.2,1001,0,1
0,8x3',105.8,409.9,10011,0,1
0,8x3',102.9,410.6,10011,0,1
0,1',101.3,420.9,1001,0,1
0,3x12',116.4,423.4,11000,0,1
0,3x2000m,114.0,407.2,11,0,1
0,2x25',112.8,402.6,11001,0,1
0,3x2000m,105.1,400.0,11,0,1
0,3x2000m,113.2,399.6,11,0,1
0,1',92.9,381.0,1001,0,1
0,3x2000m,113.9,411.8,11,0,1
0,8x500m,100.8,415.2,11010,0,1
0,3x10',110.5,407.6,10000,0,1
0,3x2000m,115.1,421.0,11,0,1
0,3x1000m,101.5,404.3,110,0,1
0,4x5',106.9,414.6,10111,0,1
0,3x10',106.6,387.9,10000,0,1
0,3x2000m,104.1,381.0,11,0,1
0,3x10',121.1,414.6,10000,0,1
0,4x8',111.3,409.9,1111,0,1
0,8x3',106.0,407.2,10011,0,1
0,1',101.4,402.2,1001,0,1
0,3x10',110.3,391.2,10000,0,1
0,8x3',103.9,410.6,10011,0,1
0,2x10',109.7,397.2,101100,0,1
0,3x20',123.0,400.9,10,0,1
0,1',94.9,396.2,1001,0,1
0,4x5',109.8,423.4,10111,0,1
0,3x12',114.6,416.7,11000,0,1
0,1',100.4,409.4,1001,0,1
0,3x2000m,106.0,396.4,11,0,1
0,3x2000m,111.0,401.2,11,0,1
0,8x3',107.6,410.6,10011,0,1
0,3x10',121.0,411.8,10000,0,1
0,4x8',108.2,421.0,1111,0,1
0,8x500m,101.8,415.2,11010,0,1
0,1',102.4,411.4,1001,0,1
0,6x500m,100.4,402.2,111,0,1
0,3x10',117.8,414.6,10000,0,1
0,3x1000m,105.1,416.7,110,0,1
0,3x2000m,107.9,404.5,11,0,1
0,8x3',102.7,401.2,10011,0,1
0,3x10',111.5,407.0,10000,0,1
0,2x2000m,103.0,398.8,1100,0,1
0,4x8',112.7,412.3,1111,0,1
0,3x2000m,112.0,407.8,11,0,1
0,3x10',120.5,414.6,10000,0,1
0,3x10',114.2,400.2,10000,0,1
0,1',101.1,411.8,1001,0,1
0,4x8',110.9,409.9,1111,0,1
0,2x2000m,95.8,374.2,1100,0,1
0,2x2000m,110.4,420.9,1100,0,1
0,8x5',109.0,408.0,1101,0,1
0,4x8',112.0,399.6,1111,0,1
0,1',102.0,414.6,1001,0,1
0,3x10',112.3,406.6,10000,0,1
0,3x10',107.0,398.6,10000,0,1
0,2x2000m,106.8,411.4,1100,0,1
0,6x500m,99.8,407.0,111,0,1
0,1',92.7,381.0,1001,0,1
0,3x10',107.3,387.9,10000,0,1
0,3x2000m,113.0,410.6,11,0,1
0,2x2000m,100.5,389.1,1100,0,1
0,6x500m,104.0,409.9,111,0,1
0,3x2000m,112.0,413.2,11,0,1
0,3x10',116.7,423.2,10000,0,1
0,3x10',116.4,420.9,10000,0,1
0,4x8',108.4,410.6,1111,0,1
0,3x2000m,110.3,412.3,11,0,1
0,1',99.4,411.4,1001,0,1
0,3x10',112.2,406.6,10000,0,1
0,2x2000m,110.6,419.4,1100,0,1
0,1',100.3,401.6,1001,0,1
0,2x2000m+500m,110.8,407.0,10101,0,1
0,1',94.0,406.6,1001,0,1
0,3x1000m,104.3,423.4,110,0,1
0,30',110.8,410.6,1011,0,1
0,4x750m,107.1,412.3,10100,0,1
0,1',95.5,393.0,1001,0,1
0,6x500m,109.0,421.0,111,0,1
0,1500m+500m,102.4,399.6,10010,0,1
0,6x500m,98.7,404.3,111,0,1
0,1',94.4,406.6,1001,0,1
0,3x2000m,107.7,390.0,11,0,1
0,3x2000m,107.7,402.7,11,0,1
0,2x2000m,110.0,423.2,1100,0,1
0,1',99.5,411.8,1001,0,1
0,3x12',115.2,414.6,11000,0,1
0,6x500m,103.4,407.0,111,0,1
0,3x2000m,108.7,407.6,11,0,1
0,2x10',122.2,420.9,101100,0,1
0,8x3',106.9,407.2,10011,0,1
0,8x3',106.2,412.3,10011,0,1
0,8x3',104.3,409.9,10011,0,1
0,3x2000m,105.3,396.4,11,0,1
0,8x3',106.3,407.2,10011,0,1
0,3x10',111.7,397.2,10000,0,1
0,3x10',112.6,409.4,10000,0,1
0,8x3',106.6,421.0,10011,0,1
0,4x8',107.7,410.6,1111,0,1
0,4x8',108.7,399.6,1111,0,1
0,1',100.7,419.4,1001,0,1
0,1',96.5,397.2,1001,0,1
0,3x2000m,107.6,408.0,11,0,1
0,3x2000m,111.3,413.2,11,0,1
0,3x10',112.3,411.8,10000,0,1
0,6x500m,102.2,411.8,111,0,1
0,1',101.6,406.7,1001,0,1
0,8x5',109.3,404.3,1101,0,1
0,3x10',108.7,393.0,10000,0,1
0,8x3',105.2,410.6,10011,0,1
0,3x2000m,107.7,404.5,11,0,1
0,2x25',114.0,415.2,11001,0,1
0,1000m+500m,96.1,390.0,10110,0,1
0,4x8',107.7,408.0,1111,0,1
0,1',96.6,398.6,1001,0,1
0,8x3',103.8,401.2,10011,0,1
0,3x10',110.7,406.8,10000,0,1
0,3x2000m,110.1,410.6,11,0,1
0,4x8',109.5,409.9,1111,0,1
0,4x8',106.3,399.6,1111,0,1
0,8x3',103.3,399.6,10011,0,1
0,2x2000m,107.9,414.6,1100,0,1
0,3x10',114.0,420.9,10000,0,1
0,1',96.8,397.2,1001,0,1
0,3x2000m,112.7,414.3,11,0,1
0,4x8',111.6,409.9,1111,0,1
0,1000m,114.5,410.6,10001,0,1
0,3x2000m,106.3,391.2,11,0,1
0,3x2000m,107.1,390.0,11,0,1
0,3x10',116.4,423.2,10000,0,1
0,1',100.7,396.4,1001,0,1
0,8x3',107.9,412.3,10011,0,1
0,1',96.0,397.2,1001,0,1
0,8x500m,101.3,423.4,11010,0,1
0,3x2000m,108.8,411.8,11,0,1
0,1',104.7,414.6,1001,0,1
0,3x10',115.4,411.4,10000,0,1
0,8x3',104.7,399.6,10011,0,1
0,6000m,111.0,408.0,100,0,1
0,3x10',117.1,423.2,10000,0,1
0,6x500m,99.9,411.8,111,0,1
0,3x10',112.7,409.4,10000,0,1
0,6x500m,102.5,406.8,111,0,1
0,8x3',107.0,407.2,10011,0,1
0,1',97.7,396.4,1001,0,1
0,2x2000m,99.1,381.0,1100,0,1
0,3x2000m,107.1,406.8,11,0,1
0,1',100.1,401.6,1001,0,1
0,8x3',106.2,409.9,10011,0,1
0,8x3',104.9,410.6,10011,0,1
0,8x3',107.0,407.2,10011,0,1
0,1',98.2,406.6,1001,0,1
0,6x500m,99.2,414.3,111,0,1
0,1',105.9,414.6,1001,0,1
0,3x2000m,111.2,407.2,11,0,1
0,6x500m,99.5,406.8,111,0,1
0,3x2000m,106.9,407.8,11,0,1
0,3x2000m,112.1,413.2,11,0,1
0,8x3',108.6,410.6,10011,0,1
0,3x2000m,111.0,412.3,11,0,1
0,3x2000m,107.3,401.6,11,0,1
0,3x10',117.9,414.3,10000,0,1
0,3x2000m,100.4,396.2,11,0,1
0,1',100.8,411.4,1001,0,1
0,1000m,95.5,412.3,10001,0,1
0,1000m+500m,100.1,406.8,10110,0,1
0,6x500m,99.6,407.6,111,0,1
0,8x3',108.2,407.2,10011,0,1
0,3x2000m,103.1,400.0,11,0,1
0,1500m+500m,95.9,390.0,10010,0,1
0,6000m,108.5,400.0,100,0,1
0,1',101.7,423.2,1001,0,1
0,6x500m,95.0,401.2,111,0,1
0,1',101.3,414.6,1001,0,1
0,1',94.1,396.2,1001,0,1
0,3x2000m,102.2,396.2,11,0,1
0,3x2000m,108.3,390.7,11,0,1
0,1',98.7,409.4,1001,0,1
0,8x3',106.9,407.2,10011,0,1
0,3x10',119.5,423.2,10000,0,1
0,3x12',115.4,414.6,11000,0,1
0,4x8',108.0,399.6,1111,0,1
0,8x5',106.4,402.2,1101,0,1
0,4x750m,97.4,407.2,10100,0,1
0,3x10',118.6,423.2,10000,0,1
0,1',100.5,414.6,1001,0,1
0,2x2000m,97.7,381.0,1100,0,1
0,1',96.5,400.2,1001,0,1
0,3x2000m,112.5,421.0,11,0,1
0,3x2000m,100.8,390.7,11,0,1
0,3x10',113.9,411.4,10000,0,1
0,3x10',117.6,423.2,10000,0,1
0,3x1000m,102.7,408.4,110,0,1
0,3x10',102.8,396.2,10000,0,1
0,3x10',117.8,406.7,10000,0,1
0,4x8',112.4,412.3,1111,0,1
0,3x10',113.9,400.2,10000,0,1
0,3x2000m,101.3,398.7,11,0,1
0,8x3',106.6,421.0,10011,0,1
0,8x3',105.9,410.6,10011,0,1
0,4x8',107.9,409.9,1111,0,1
0,3x10',112.2,406.8,10000,0,1
0,8x500m,103.1,408.4,11010,0,1
0,8x3',107.0,407.2,10011,0,1
0,6x500m,98.5,407.0,111,0,1
0,8x3',103.0,410.6,10011,0,1
0,3x2000m,113.2,407.0,11,0,1
0,3x10',113.9,411.4,10000,0,1
0,1',95.3,381.0,1001,0,1
0,1',97.6,411.4,1001,0,1
0,3x12',112.1,408.4,11000,0,1
0,3x10',113.9,411.4,10000,0,1
0,3x10',112.5,406.6,10000,0,1
0,8x3',105.1,409.9,10011,0,1
0,1',97.4,397.2,1001,0,1
0,3x10',115.5,406.7,10000,0,1
0,4x5',114.5,415.2,10111,0,1
0,3x2000m,102.5,381.0,11,0,1
0,1',102.3,406.7,1001,0,1
0,3x10',106.2,391.2,10000,0,1
0,1',102.3,406.6,1001,0,1
0,8x3',102.1,421.0,10011,0,1
0,3x2000m,107.0,407.6,11,0,1
0,3x10',112.9,406.6,10000,0,1
0,4x8',104.2,396.4,1111,0,1
0,8x500m,106.6,416.7,11010,0,1
0,3x2000m,103.9,396.2,11,0,1
0,3x2000m,104.1,398.7,11,0,1
0,3x2000m,105.4,390.7,11,0,1
0,3x2000m,112.0,410.6,11,0,1
0,8x3',108.6,412.3,10011,0,1
0,3x10',115.7,419.4,10000,0,1
0,3x1000m,102.4,415.2,110,0,1
0,2x2000m,103.6,406.6,1100,0,1
0,1',103.5,414.6,1001,0,1
0,4x5',109.9,408.4,10111,0,1
0,8x3',104.5,401.2,10011,0,1
0,1500m+500m,98.4,401.2,10010,0,1
0,2x2000m,104.1,393.0,1100,0,1
0,8x3',105.8,409.9,10011,0,1
0,8x3',108.7,421.0,10011,0,1
0,1',98.6,397.2,1001,0,1
0,3x10',114.2,411.8,10000,0,1
0,1',118.2,414.6,1001,0,1
0,1',96.0,406.6,1001,0,1
0,1500m+500m,102.8,410.6,10010,0,1
0,3x12',111.8,402.6,11000,0,1
0,4x8',110.7,409.9,1111,0,1
0,1',100.8,408.0,1001,0,1
0,1',100.9,411.4,1001,0,1
0,3x10',117.1,409.4,10000,0,1
0,3x1000m,112.7,415.2,110,0,1
0,4x5',113.1,423.4,10111,0,1
0,8x3',100.1,410.6,10011,0,1
0,3x10',115.0,406.7,10000,0,1
0,3x10',113.2,414.6,10000,0,1
0,3x2000m,103.5,389.1,11,0,1
0,8x3',107.5,409.9,10011,0,1
0,3x2000m,107.7,402.2,11,0,1
0,6x500m,97.7,396.4,111,0,1
0,4x8',107.4,401.2,1111,0,1
0,4x750m,97.3,401.2,10100,0,1
0,1',98.7,414.6,1001,0,1
0,1',106.7,423.2,1001,0,1
0,8x3',105.8,407.2,10011,0,1
0,8x500m,97.9,423.4,11010,0,1
0,4x8',110.8,407.2,1111,0,1
0,4x750m,97.5,399.6,10100,0,1
0,4x8',109.9,409.9,1111,0,1
0,3x2000m,107.9,401.6,11,0,1
0,8x500m,99.7,402.6,11010,0,1
0,3x10',115.4,406.7,10000,0,1
0,4x8',110.7,409.9,1111,0,1
0,3x1000m,104.0,416.7,110,0,1
0,8x3',105.2,412.3,10011,0,1
0,3x10',114.4,406.6,10000,0,1
0,3x10',107.4,390.0,10000,0,1
0,3x1000m,104.8,414.6,110,0,1
0,1',98.8,419.4,1001,0,1
0,3x2000m,112.2,412.3,11,0,1
0,3x10',111.1,420.9,10000,0,1
0,4x8',107.6,401.2,1111,0,1
0,4x8',107.6,409.9,1111,0,1
0,3x10',113.7,409.4,10000,0,1
0,1',104.0,420.9,1001,0,1
0,3x2000m,104.1,421.0,11,0,1
0,4x5',105.8,402.6,10111,0,1
0,2x2000m,105.2,406.6,1100,0,1
0,3x10',114.0,411.4,10000,0,1
0,3x10',113.6,420.9,10000,0,1
0,1000m+500m,102.6,411.8,10110,0,1
0,1',96.0,393.0,1001,0,1
0,3x10',116.8,414.3,10000,0,1
0,1',98.0,398.6,1001,0,1
0,8x3',103.0,401.2,10011,0,1
0,4x750m,96.4,399.6,10100,0,1
0,3x2000m,101.1,396.2,11,0,1
0,3x10',108.5,400.2,10000,0,1
0,3x10',109.1,398.6,10000,0,1
0,3x10',110.7,407.0,10000,0,1
0,6x500m,104.6,407.6,111,0,1
0,2x2000m,106.4,404.5,1100,0,1
0,3x1000m,103.9,414.6,110,0,1
0,8x500m,96.4,416.7,11010,0,1
0,3x2000m,102.1,390.7,11,0,1
0,3x10',109.7,393.0,10000,0,1
0,3x10',112.2,400.2,10000,0,1
0,3x10',112.8,397.2,10000,0,1
0,1',103.9,414.6,1001,0,1
0,2x10',117.6,423.2,101100,0,1
0,6x500m,98.3,402.7,111,0,1
0,1',96.9,411.4,1001,0,1
0,3x2000m,118.2,421.0,11,0,1
0,3x2000m,105.7,391.2,11,0,1
0,3x2000m,107.2,404.5,11,0,1
0,3x2000m,109.5,421.0,11,0,1
0,4x8',107.7,410.6,1111,0,1
0,8x3',106.3,412.3,10011,0,1
0,2x2000m+500m,94.4,390.0,10101,0,1
0,3x10',108.3,387.9,10000,0,1
0,2x2000m,102.6,406.6,1100,0,1
0,8x3',105.6,410.6,10011,0,1
0,4x8',112.8,399.6,1111,0,1
0,3x10',117.6,423.2,10000,0,1
0,8x3',105.5,407.2,10011,0,1
0,1500m+500m,100.6,407.0,10010,0,1
0,2x10',115.7,406.7,101100,0,1
0,8x3',104.8,409.9,10011,0,1
0,6x500m,99.3,401.6,111,0,1
0,4x750m,96.6,401.2,10100,0,1
0,1',100.1,404.3,1001,0,1
0,1',104.3,407.0,1001,0,1
0,8x3',103.9,399.6,10011,0,1
0,3x2000m,109.6,408.0,11,0,1
0,3x10',116.9,419.4,10000,0,1
0,2x2000m,106.5,406.6,1100,0,1
0,4x8',108.9,399.6,1111,0,1
0,4x5',107.7,414.6,10111,0,1
0,3x2000m,116.2,421.0,11,0,1
0,1',100.8,411.4,1001,0,1
0,3x2000m,118.2,414.3,11,0,1
0,3x2000m,110.4,413.2,11,0,1
0,3x2000m,109.2,401.2,11,0,1
0,8x3',101.1,399.6,10011,0,1
0,1000m+500m,98.9,406.8,10110,0,1
0,2x2000m,101.5,400.0,1100,0,1
0,1',96.8,406.6,1001,0,1
0,8x3',107.5,421.0,10011,0,1
0,1',107.0,404.3,1001,0,1
0,1000m+500m,100.4,414.3,10110,0,1
0,3x10',113.5,400.2,10000,0,1
0,3x2000m,97.4,374.2,11,0,1
0,3x2000m,104.2,389.1,11,0,1
0,3x10',106.1,387.9,10000,0,1
0,3x10',110.6,398.6,10000,0,1
0,8x3',107.3,421.0,10011,0,1
0,2x2000m,109.0,414.6,1100,0,1
0,8x500m,105.7,415.2,11010,0,1
0,1500m+500m,90.6,412.3,10010,0,1
0,8x5',109.9,408.0,1101,0,1
0,3x12',111.6,402.6,11000,0,1
0,4x8',112.2,412.3,1111,0,1
0,1',104.1,414.6,1001,0,1
0,3x4000m,104.7,381.0,1110,0,1
0,2x2000m,106.2,419.4,1100,0,1
0,2x2000m,104.4,414.6,1100,0,1
0,6x500m,98.3,402.7,111,0,1
0,3x2000m,116.0,399.6,11,0,1
0,4x5',109.3,416.7,10111,0,1
0,4x8',116.1,399.6,1111,0,1
0,1',103.1,407.0,1001,0,1
0,3x2000m,103.6,400.0,11,0,1
0,30',111.3,409.9,1011,0,1
0,3x10',110.6,397.2,10000,0,1
0,3x2000m,108.5,407.0,11,0,1
0,8x500m,98.9,402.6,11010,0,1
0,8x5',103.8,381.0,1101,0,1
0,2x2000m+500m,105.0,402.7,10101,0,1
0,4x8',110.3,410.6,1111,0,1
0,3x2000m,105.1,401.4,11,0,1
0,2x2000m+500m,109.8,407.6,10101,0,1
0,2x2000m,107.7,423.2,1100,0,1
0,6x500m,97.8,391.2,111,0,1
0,4x8',114.1,407.2,1111,0,1
0,8x500m,104.5,423.4,11010,0,1
0,2x2000m,100.9,393.0,1100,0,1
0,6x500m,97.2,402.7,111,0,1
0,4x8',111.2,412.3,1111,0,1
0,3x10',122.6,414.6,10000,0,1
0,4x8',106.2,401.2,1111,0,1
0,3x10',111.5,400.2,10000,0,1
0,3x10',117.5,423.2,10000,0,1
0,1',98.5,398.6,1001,0,1
0,6x500m,100.0,408.0,111,0,1
0,2x2000m+500m,108.5,402.7,10101,0,1
0,1',98.6,397.2,1001,0,1
0,3x10',114.5,411.8,10000,0,1
0,1',97.6,401.6,1001,0,1
0,3x2000m,111.5,412.3,11,0,1
0,3x2000m,101.9,390.0,11,0,1
0,4x8',107.6,401.2,1111,0,1
0,2x2000m,108.1,423.2,1100,0,1
0,3x10',110.5,407.6,10000,0,1
0,1',102.4,414.6,1001,0,1
0,8x3',105.9,409.9,10011,0,1
0,1',92.9,381.0,1001,0,1
0,2x2000m+500m,94.6,391.2,10101,0,1
0,30',114.7,407.2,1011,0,1
0,3x2000m,109.6,407.6,11,0,1
0,30',117.0,412.3,1011,0,1
0,3x10',110.8,407.0,10000,0,1
0,3x10',111.7,409.4,10000,0,1
0,1',98.5,419.4,1001,0,1
0,2x10',117.6,423.2,101100,0,1
0,3x2000m,108.9,398.7,11,0,1
0,2x2000m+500m,107.0,406.8,10101,0,1
0,3x2000m,115.2,421.0,11,0,1
0,1000m+500m,101.7,411.8,10110,0,1
0,3x2000m,105.3,401.4,11,0,1
0,1',98.1,404.3,1001,0,1
0,1',100.9,411.8,1001,0,1
0,1',103.7,420.9,1001,0,1
0,1',102.7,419.4,1001,0,1
0,2x2000m,102.3,393.0,1100,0,1
0,8x3',108.0,410.6,10011,0,1
0,4x5',106.8,402.6,10111,0,1
0,3x1000m,101.3,402.6,110,0,1
0,3x10',123.0,411.8,10000,0,1
0,3x2000m,108.9,404.3,11,0,1
0,3x10',109.4,398.6,10000,0,1
0,3x10',110.6,393.0,10000,0,1
0,8x500m,92.8,402.6,11010,0,1
0,4x750m,97.4,399.6,10100,0,1
0,8x3',107.6,410.6,10011,0,1
0,3x10',108.4,398.6,10000,0,1
0,3x1000m,103.1,401.6,110,0,1
0,8x3',103.7,401.2,10011,0,1
0,8x3',101.0,401.2,10011,0,1
0,3x10',112.2,406.8,10000,0,1
0,3x10',110.1,393.0,10000,0,1
0,8x3',108.4,421.0,10011,0,1
0,1',98.0,400.2,1001,0,1
0,3x2000m,113.1,404.5,11,0,1
0,3x2000m,111.0,407.2,11,0,1
0,3x10',116.2,406.7,10000,0,1
0,3x2000m,107.0,399.6,11,0,1
0,6x500m,95.0,407.2,111,0,1
0,8x3',104.6,409.9,10011,0,1
0,1',99.3,407.8,1001,0,1
0,3x10',111.4,393.0,10000,0,1
0,3x10',112.1,409.4,10000,0,1
0,6x500m,106.2,407.0,111,0,1
0,4x5',106.8,408.4,10111,0,1
0,4x8',109.2,401.2,1111,0,1
0,3x2000m,110.6,406.8,11,0,1
0,3x1000m,95.1,381.0,110,0,1
0,2x2000m+500m,101.0,407.6,10101,0,1
0,6x500m,105.1,411.8,111,0,1
0,8x500m,95.0,423.4,11010,0,1
0,30',113.0,409.9,1011,0,1
0,1',93.3,393.0,1001,0,1
0,8x3',104.02,399.6,10011,0,1
0,8x500m,98.5,415.2,11010,0,1
0,1',99.4,411.4,1001,0,1
0,8x500m,104.1,423.4,11010,0,1
0,3x10',114.2,411.8,10000,0,1
0,3x10',110.1,390.0,10000,0,1
0,3x2000m,112.4,404.5,11,0,1
0,2x10',113.2,411.8,101100,0,1
0,8x3',106.2,421.0,10011,0,1
0,3x2000m,107.5,398.2,11,0,1
0,3x20',126.0,400.9,10,0,1
0,3x2000m,105.1,404.5,11,0,1
0,3x10',138.8,502.5,10000,1,0
0,2x2000m,125.8,484.1,1100,1,0
0,3x10',139.8,502.5,10000,1,0
0,3x10',133.8,510.1,10000,1,0
0,1',120.1,510.1,1001,1,0
0,3x10',139.1,502.5,10000,1,0
0,3x10',152.3,502.5,10000,1,0
0,1',120.7,484.1,1001,1,0
0,1',115.9,484.1,1001,1,0
0,2x2000m,130.6,502.5,1100,1,0
0,3x10',131.5,484.1,10000,1,0
0,3x10',128.2,484.1,10000,1,0
0,1',120.7,502.5,1001,1,0
0,2x2000m,125.3,484.1,1100,1,0
0,3x10',144.5,502.5,10000,1,0
0,3x10',135.7,510.1,10000,1,0
0,3x10',133.5,510.1,10000,1,0
0,1',124.6,510.1,1001,1,0
0,2x2000m,131.5,502.5,1100,1,0
0,2x10',134.8,484.1,101100,1,0
0,3x10',133.8,484.1,10000,1,0
0,3x10',134.1,510.1,10000,1,0
0,2x2000m,131.5,510.1,1100,1,0
0,3x10',130.1,484.1,10000,1,0
0,1',118.2,484.1,1001,1,0
0,1',119.6,502.5,1001,1,0
0,3x10',138.1,502.5,10000,1,0
0,1',125.2,502.5,1001,1,0
0,1',117.2,484.1,1001,1,0
0,1',118.4,510.1,1001,1,0
0,1',121.0,502.5,1001,1,0
0,3x10',148.0,502.5,10000,1,0
0,1',118.5,502.5,1001,1,0
0,2x2000m,125.8,484.1,1100,1,0
0,1x1500m,120.4,484.1,101101,1,0
0,1',119.5,510.1,1001,1,0
0,1',122.4,510.1,1001,1,0
0,1',113.2,484.1,1001,1,0
0,2x2000m,130.4,502.5,1100,1,0
0,1',119.8,502.5,1001,1,0
0,2x10',138.1,510.1,101100,1,0
0,3x10',131.8,510.1,10000,1,0
0,1',116.5,484.1,1001,1,0
0,1',122.1,502.5,1001,1,0
0,2x10',165.7,502.5,101100,1,0
0,1',120.4,484.1,1001,1,0
0,1',117.4,502.5,1001,1,0
0,2x10',138.8,510.1,101100,1,0
0,3x10',137.4,510.1,10000,1,0
0,2x2000m,128.5,510.1,1100,1,0
0,2x2000m,132.6,502.5,1100,1,0
0,2x2000m,127.7,510.1,1100,1,0
0,1',124.6,510.1,1001,1,0
0,1',119.0,510.1,1001,1,0
0,3x10',134.5,510.1,10000,1,0
0,3x10',152.9,502.5,10000,1,0
0,3x10',128.7,484.1,10000,1,0
0,1',116.8,510.1,1001,1,0
0,1',121.4,510.1,1001,1,0
0,1',118.0,484.1,1001,1,0
0,1',117.4,484.1,1001,1,0
0,1',118.4,484.1,1001,1,0
0,1',113.5,484.1,1001,1,0
0,1',114.0,484.1,1001,1,0
0,3x10',136.4,510.1,10000,1,0
0,1',117.5,484.1,1001,1,0
0,1',122.2,510.1,1001,1,0
0,3x10',133.2,484.1,10000,1,0
0,1',113.9,484.1,1001,1,0
0,3x10',131.5,484.1,10000,1,0
0,3x10',132.9,484.1,10000,1,0
0,3x10',138.4,502.5,10000,1,0
0,3x10',135.4,510.1,10000,1,0
0,1',124.6,484.1,1001,1,0
0,3x10',153.4,502.5,10000,1,0
0,2x2000m,128.0,510.1,1100,1,0
0,3x13',125.0,462.4,101001,1,1
0,1500m+750m,112.5,442.8,100110,1,1
0,6x750m,114.5,447.2,100101,1,1
0,8x3',117.9,460.0,10011,1,1
0,4x500m,111.4,464.6,100000,1,1
0,3x10',123.6,458.8,10000,1,1
0,3x10',125.1,458.8,10000,1,1
0,3x10',138.8,469.1,10000,1,1
0,3x2000m,123.3,458.4,11,1,1
0,3x10',130.1,469.1,10000,1,1
0,1',113.5,471.7,1001,1,1
0,3x10',126.6,480.8,10000,1,1
0,2000m,120.2,480.8,1010,1,1
0,4x500m,114.3,460.0,100000,1,1
0,6x6',120.4,469.0,101000,1,1
0,3x11',127.3,468.5,100111,1,1
0,6x750m,113.8,452.0,100101,1,1
0,6x6',133.8,468.5,101000,1,1
0,3x2000m,126.0,454.1,11,1,1
0,3x12',125.3,486.0,11000,1,1
0,4x5',120.6,467.2,10111,1,1
0,8x3',118.7,449.6,10011,1,1
0,3x13',122.1,469.0,101001,1,1
0,3x8',129.3,472.0,11111,1,1
0,1500m,112.6,451.7,1000,1,1
0,1',117.6,471.7,1001,1,1
0,3x15',131.7,460.0,1,1,1
0,3x11',124.7,462.0,100111,1,1
0,3x2000m,126.4,468.5,11,1,1
0,1',109.9,462.4,1001,1,1
0,2000m,117.4,466.7,1010,1,1
0,3x1000m,120.9,479.2,110,1,1
0,5x8',120.6,462.0,101010,1,1
0,3x2000m,125.5,458.4,11,1,1
0,3x10',138.0,467.2,10000,1,1
0,1',111.7,469.8,1001,1,1
0,3x13',121.9,454.1,101001,1,1
0,2000m,119.4,477.6,1010,1,1
0,3x10',126.3,458.8,10000,1,1
0,3x2000m,123.9,450.2,11,1,1
0,3x10',129.3,469.1,10000,1,1
0,3x10',121.6,462.0,10000,1,1
0,3x2000m,121.9,452.0,11,1,1
0,4x500m,112.4,447.2,100000,1,1
0,3x13',124.8,462.4,101001,1,1
0,4x500m,112.8,450.8,100000,1,1
0,6x750m,112.8,447.2,100101,1,1
0,3x10',122.5,464.8,10000,1,1
0,6x6',120.9,462.0,101000,1,1
0,7x3',117.4,458.8,100010,1,1
0,8x3',124.3,449.6,10011,1,1
0,3x2000m,119.2,449.5,11,1,1
0,4x500m,103.2,441.6,100000,1,1
0,3x2000m,134.6,472.8,11,1,1
0,4x5',119.3,455.7,10111,1,1
0,3x15',131.2,450.9,1,1,1
0,3x2000m,118.5,450.9,11,1,1
0,3x2000m,136.3,480.8,11,1,1
0,3x10',131.8,493.5,10000,1,1
0,3x2000m,119.5,449.5,11,1,1
0,3x10',139.5,467.2,10000,1,1
0,3x15',120.8,434.4,1,1,1
0,3x10',122.1,451.2,10000,1,1
0,2000m,122.3,489.2,1010,1,1
0,3x3000m,134.0,447.2,100001,1,1
0,8x3',118.8,469.0,10011,1,1
0,3x10',135.7,479.6,10000,1,1
0,3x10',126.3,467.2,10000,1,1
0,3x15',127.3,451.5,1,1,1
0,1',117.5,496.3,1001,1,1
0,1',113.2,469.1,1001,1,1
0,3x2000m,130.5,489.6,11,1,1
0,1',119.1,472.6,1001,1,1
0,1',113.9,479.6,1001,1,1
0,3x10',121.8,464.8,10000,1,1
0,3x10',135.1,489.6,10000,1,1
0,4x5',116.2,448.8,10111,1,1
0,8x3',113.4,441.6,10011,1,1
0,3x2000m,127.6,458.4,11,1,1
0,3x12',123.5,458.8,11000,1,1
0,6x750m,113.6,449.6,100101,1,1
0,3x12',123.3,447.2,11000,1,1
0,6x750m,112.0,447.2,100101,1,1
0,2x3000m,117.4,449.6,100100,1,1
0,3x3000m,122.6,449.6,100001,1,1
0,3x1000m,120.3,479.2,110,1,1
0,1',111.1,483.8,1001,1,1
0,3x10',133.8,480.2,10000,1,1
0,8x3',113.4,434.4,10011,1,1
0,4x5',121.2,467.2,10111,1,1
0,3x1000m,116.3,468.7,110,1,1
0,8x3',115.5,447.2,10011,1,1
0,3x12',127.5,469.2,11000,1,1
0,3x10',125.7,480.8,10000,1,1
0,1000m,112.0,469.6,10001,1,1
0,3x15',138.3,467.9,1,1,1
0,3x2000m,133.8,472.8,11,1,1
0,1',110.1,472.6,1001,1,1
0,1',109.4,469.8,1001,1,1
0,3x10',117.3,449.5,10000,1,1
0,3x10',131.2,479.2,10000,1,1
0,1',107.1,449.5,1001,1,1
0,3x2000m,136.0,472.8,11,1,1
0,1',116.7,480.2,1001,1,1
0,2x2000m,122.3,469.8,1100,1,1
0,3x11',120.1,449.5,100111,1,1
0,2x2000m,114.4,449.6,1100,1,1
0,3x10',128.4,470.4,10000,1,1
0,5x8',120.0,469.0,101010,1,1
0,3x2000m,132.3,467.9,11,1,1
0,3x1000m,114.6,465.6,110,1,1
0,1',110.7,462.2,1001,1,1
0,1',108.3,469.0,1001,1,1
0,3x3000m,124.5,458.8,100001,1,1
0,3x12',121.2,455.2,11000,1,1
0,3x1000m,113.6,463.3,110,1,1
0,3x12',125.3,469.0,11000,1,1
0,8x3',112.3,462.2,10011,1,1
0,2000m,110.7,442.8,1010,1,1
0,1',106.2,449.5,1001,1,1
0,3x2000m,122.4,468.5,11,1,1
0,3x8',118.6,442.8,11111,1,1
0,3x10',117.4,462.4,10000,1,1
0,3x12',125.9,455.2,11000,1,1
0,8x3',119.2,458.8,10011,1,1
0,3x2000m,118.4,454.8,11,1,1
0,3x3000m,117.5,441.6,100001,1,1
0,2x19',129.8,460.0,100011,1,1
0,2x2000m,125.0,480.2,1100,1,1
0,4x500m,112.6,447.2,100000,1,1
0,3x10',135.4,479.6,10000,1,1
0,3x2000m,122.4,452.0,11,1,1
0,8x3',114.3,449.6,10011,1,1
0,1',117.5,493.5,1001,1,1
0,3x1000m,114.1,451.7,110,1,1
0,3x10',133.5,471.7,10000,1,1
0,8x3',116.9,458.4,10011,1,1
0,3x15',138.5,468.7,1,1,1
0,3x10',132.9,493.5,10000,1,1
0,3x10',140.2,483.8,10000,1,1
0,3x2000m,130.0,472.8,11,1,1
0,4x500m,114.2,486.0,100000,1,1
0,2x10',148.9,479.6,101100,1,1
0,8x3',111.2,441.6,10011,1,1
0,8x3',121.6,468.5,10011,1,1
0,3x15',128.2,455.7,1,1,1
0,2000m,108.6,434.4,1010,1,1
0,4x5',119.4,460.5,10111,1,1
0,3x10',125.0,468.5,10000,1,1
0,2x2000m,122.8,469.1,1100,1,1
0,8x3',112.3,441.6,10011,1,1
0,4x5',116.2,467.2,10111,1,1
0,1',119.6,480.2,1001,1,1
0,3x10',128.0,471.7,10000,1,1
0,5x8',119.7,449.5,101010,1,1
0,6x750m,107.9,441.6,100101,1,1
0,2x2000m,121.3,496.3,1100,1,1
0,3x11',123.2,458.4,100111,1,1
0,3x2000m,123.6,451.7,11,1,1
0,3x15',139.2,465.6,1,1,1
0,3x13',131.2,468.5,101001,1,1
0,1500m+750m,118.0,472.8,100110,1,1
0,3x10',127.1,476.0,10000,1,1
0,1',111.7,496.3,1001,1,1
0,3x10',127.8,479.2,10000,1,1
0,3x10',137.7,463.3,10000,1,1
0,2x10',129.9,496.3,101100,1,1
0,3x3000m,126.7,460.0,100001,1,1
0,2x19',127.7,452.0,100011,1,1
0,3x2000m,132.2,479.2,11,1,1
0,3x2000m,117.0,449.5,11,1,1
0,8x3',109.8,439.6,10011,1,1
0,5x8',120.0,469.0,101010,1,1
0,3x12',127.1,462.2,11000,1,1
0,4x5',116.8,451.2,10111,1,1
0,3x10',129.8,475.2,10000,1,1
0,3x12',119.5,462.4,11000,1,1
0,8x3',111.5,441.6,10011,1,1
0,3x15',120.7,439.6,1,1,1
0,3x12',122.7,449.5,11000,1,1
0,6x6',124.2,449.5,101000,1,1
0,5x8',119.8,458.4,101010,1,1
0,3x12',123.5,447.2,11000,1,1
0,3x10',122.9,468.5,10000,1,1
0,2x2000m,127.2,493.5,1100,1,1
0,3x15',130.5,465.6,1,1,1
0,3x2000m,133.5,472.3,11,1,1
0,3x2000m,126.3,468.6,11,1,1
0,3x12',124.9,472.0,11000,1,1
0,6x6',123.8,449.5,101000,1,1
0,1',113.2,469.8,1001,1,1
0,3x1000m,112.8,451.7,110,1,1
0,1',114.6,493.5,1001,1,1
0,1',117.8,483.8,1001,1,1
0,1',117.1,483.8,1001,1,1
0,3x10',124.0,477.6,10000,1,1
0,1x1500m,115.4,472.6,101101,1,1
0,3x2000m,123.6,469.0,11,1,1
0,6x750m,114.8,452.0,100101,1,1
0,2x2000m,122.8,451.7,1100,1,1
0,4x500m,113.1,464.6,100000,1,1
0,8x3',109.3,439.6,10011,1,1
0,6x6',119.9,462.2,101000,1,1
0,8x3',114.9,452.0,10011,1,1
0,3x10',123.7,458.8,10000,1,1
0,3x10',149.4,479.6,10000,1,1
0,3x15',130.6,455.9,1,1,1
0,3x10',135.3,475.2,10000,1,1
0,3x2000m,124.2,454.1,11,1,1
0,1',115.5,480.2,1001,1,1
0,6x750m,109.3,441.6,100101,1,1
0,3x2000m,126.2,468.6,11,1,1
0,3x15',125.7,452.0,1,1,1
0,4x500m,112.8,449.6,100000,1,1
0,2x10',137.0,493.5,101100,1,1
0,3x10',121.7,462.4,10000,1,1
0,3x3000m,118.0,439.6,100001,1,1
0,5x8',126.3,468.5,101010,1,1
0,3x2000m,126.1,468.5,11,1,1
0,3x2000m,127.5,462.0,11,1,1
0,8x3',113.7,449.6,10011,1,1
0,3x12',124.0,462.4,11000,1,1
0,3x10',130.9,496.3,10000,1,1
0,3x10',121.3,448.8,10000,1,1
0,3x2000m,126.6,476.0,11,1,1
0,3x11',122.2,462.4,100111,1,1
0,1',112.9,469.8,1001,1,1
0,4x5',118.2,463.3,10111,1,1
0,2x2000m,125.0,496.3,1100,1,1
0,3x1000m,116.9,460.5,110,1,1
0,3x3000m,127.2,460.0,100001,1,1
0,3x8',126.2,473.2,11111,1,1
0,3x12',120.1,462.4,11000,1,1
0,3x15',125.0,447.2,1,1,1
0,4x500m,107.8,472.0,100000,1,1
0,3x2000m,121.9,470.4,11,1,1
0,3x12',124.9,454.1,11000,1,1
0,2x2000m,118.1,455.7,1100,1,1
0,8x3',113.7,439.6,10011,1,1
0,3x10',126.5,472.6,10000,1,1
0,1',110.5,496.3,1001,1,1
0,4x500m,108.2,439.6,100000,1,1
0,1',115.0,496.3,1001,1,1
0,1',108.7,469.1,1001,1,1
0,3x1000m,116.1,464.8,110,1,1
0,3x10',126.7,476.3,10000,1,1
0,6x6',120.4,462.4,101000,1,1
0,3x12',116.2,434.4,11000,1,1
0,3x2000m,127.0,476.0,11,1,1
0,3x12',122.6,454.1,11000,1,1
0,3x10',125.1,462.2,10000,1,1
0,8x3',114.6,441.6,10011,1,1
0,3x10',132.6,493.5,10000,1,1
0,3x10',117.0,451.7,10000,1,1
0,3x10',129.8,469.1,10000,1,1
0,3x15',125.8,449.6,1,1,1
0,4x500m,110.7,460.0,100000,1,1
0,8x3',113.9,452.0,10011,1,1
0,3x10',128.5,472.0,10000,1,1
0,3x12',122.9,469.0,11000,1,1
0,3x10',122.2,468.5,10000,1,1
0,3x11',128.7,468.5,100111,1,1
0,3x15',131.1,450.2,1,1,1
0,3x10',128.7,471.7,10000,1,1
0,2x2000m,124.6,480.2,1100,1,1
0,3x10',121.9,469.6,10000,1,1
0,2x19',124.3,434.4,100011,1,1
0,6x750m,112.4,452.0,100101,1,1
0,3x3000m,124.0,452.0,100001,1,1
0,8x3',114.5,458.4,10011,1,1
0,4x5',121.6,470.4,10111,1,1
0,3x8',127.5,491.2,11111,1,1
0,3x12',126.5,462.2,11000,1,1
0,2x10',129.3,476.3,101100,1,1
0,3x12',122.5,458.4,11000,1,1
0,1',114.9,493.5,1001,1,1
0,5x8',125.8,468.5,101010,1,1
0,1',109.3,469.1,1001,1,1
0,3x10',122.9,467.2,10000,1,1
0,5x8',119.5,462.4,101010,1,1
0,4x500m,109.0,447.2,100000,1,1
0,2x3000m,117.8,452.0,100100,1,1
0,3x1000m,114.2,468.7,110,1,1
0,2000m,117.6,470.4,1010,1,1
0,3x10',134.8,471.7,10000,1,1
0,3x12',128.0,464.6,11000,1,1
0,1',112.9,462.4,1001,1,1
0,3x3000m,117.9,441.6,100001,1,1
0,2000m,109.9,439.6,1010,1,1
0,3x1000m,114.2,465.6,110,1,1
0,8x3',112.6,447.2,10011,1,1
0,3x2000m,136.3,489.6,11,1,1
0,3x1000m,110.9,458.0,110,1,1
0,3x10',115.9,442.8,10000,1,1
0,3x3000m,118.7,434.4,100001,1,1
0,3x10',135.4,472.6,10000,1,1
0,3x8',125.8,472.0,11111,1,1
0,3x2000m,118.7,447.8,11,1,1
0,1',118.7,493.5,1001,1,1
0,3x2000m,126.9,462.2,11,1,1
0,3x10',126.3,476.0,10000,1,1
0,3x15',132.0,460.0,1,1,1
0,3x15',124.3,451.5,1,1,1
0,3x2000m,117.3,447.8,11,1,1
0,2x2000m,121.5,476.3,1100,1,1
0,3x10',128.1,472.8,10000,1,1
0,8x3',110.7,434.4,10011,1,1
0,1',117.7,476.3,1001,1,1
0,3x10',121.9,465.6,10000,1,1
0,3x11',120.6,469.0,100111,1,1
0,4x500m,107.3,466.7,100000,1,1
0,3x10',128.2,473.2,10000,1,1
0,8x3',116.8,460.0,10011,1,1
0,2000m,121.5,486.0,1010,1,1
0,3x10',133.2,479.6,10000,1,1
0,3x10',121.8,469.0,10000,1,1
0,2x3000m,118.3,449.6,100100,1,1
0,3x10',118.3,462.2,10000,1,1
0,3x2000m,126.4,462.4,11,1,1
0,3x10',120.4,462.2,10000,1,1
0,8x3',113.0,434.4,10011,1,1
0,1',111.9,483.8,1001,1,1
0,1',116.3,476.3,1001,1,1
0,3x2000m,132.4,479.2,11,1,1
0,3x12',119.4,441.6,11000,1,1
0,2x2000m,118.8,476.3,1100,1,1
0,3x2000m,119.9,458.8,11,1,1
0,3x12',122.8,458.4,11000,1,1
0,8x3',111.5,441.6,10011,1,1
0,3x10',126.9,464.8,10000,1,1
0,8x3',109.5,458.4,10011,1,1
0,3x10',124.8,472.0,10000,1,1
0,3x2000m,122.7,462.0,11,1,1
0,1500m,114.7,455.7,1000,1,1
0,3x15',122.0,434.4,1,1,1
0,1',110.4,469.1,1001,1,1
0,3x15',134.4,455.7,1,1,1
0,3x2000m,125.7,462.2,11,1,1
0,8x3',119.8,458.8,10011,1,1
0,3x3000m,119.5,447.2,100001,1,1
0,2x3000m,122.3,458.8,100100,1,1
0,3x10',118.5,458.4,10000,1,1
0,4x5',123.7,451.7,10111,1,1
0,3x2000m,135.5,479.2,11,1,1
0,3x10',133.5,493.5,10000,1,1
0,6x6',121.3,458.4,101000,1,1
0,3x8',121.5,442.8,11111,1,1
0,3x10',124.1,472.6,10000,1,1
0,3x10',123.4,458.4,10000,1,1
0,2000m,112.7,450.8,1010,1,1
0,3x11',122.7,462.2,100111,1,1
0,3x13',122.3,462.2,101001,1,1
0,4x500m,109.6,452.0,100000,1,1
0,6x6',121.6,462.0,101000,1,1
0,8x3',114.9,458.4,10011,1,1
0,3x10',133.8,483.8,10000,1,1
0,3x10',132.1,496.3,10000,1,1
0,3x2000m,120.9,469.0,11,1,1
0,8x3',113.0,447.2,10011,1,1
0,3x10',123.9,469.6,10000,1,1
0,1',113.0,479.6,1001,1,1
0,2x3000m,120.6,458.8,100100,1,1
0,3x10',127.2,472.8,10000,1,1
0,3x10',122.5,464.8,10000,1,1
0,3x10',127.1,448.8,10000,1,1
0,3x10',140.6,471.7,10000,1,1
0,2000m,110.4,441.6,1010,1,1
0,3x10',116.9,469.0,10000,1,1
0,1500m+750m,122.4,469.6,100110,1,1
0,3x2000m,130.5,480.8,11,1,1
0,3x2000m,126.7,476.0,11,1,1
0,3x15',125.7,447.2,1,1,1
0,8x3',116.6,449.5,10011,1,1
0,3x15',128.0,458.0,1,1,1
0,3x2000m,131.4,487.7,11,1,1
0,8x3',112.5,441.6,10011,1,1
0,3x10',128.0,469.8,10000,1,1
0,3x15',131.4,455.9,1,1,1
0,3x12',123.5,454.1,11000,1,1
0,6x6',123.4,458.4,101000,1,1
0,3x15',127.2,458.8,1,1,1
0,3x10',129.0,472.0,10000,1,1
0,2x2000m,120.9,469.8,1100,1,1
0,3x3000m,123.9,447.2,100001,1,1
0,2000m,118.2,472.8,1010,1,1
0,3x10',121.6,458.4,10000,1,1
0,3x10',125.8,458.8,10000,1,1
0,2x3000m,121.4,452.0,100100,1,1
0,3x2000m,121.4,452.0,11,1,1
0,3x2000m,126.0,467.9,11,1,1
0,3x10',122.1,462.0,10000,1,1
0,2x2000m,118.5,451.7,1100,1,1
0,3x2000m,133.7,467.9,11,1,1
0,8x3',114.6,439.6,10011,1,1
0,1',110.0,479.6,1001,1,1
0,2x2000m,118.7,462.2,1100,1,1
0,3x10',123.7,491.2,10000,1,1
0,3x2000m,130.5,479.2,11,1,1
0,8x3',117.6,469.0,10011,1,1
0,3x10',123.2,462.4,10000,1,1
0,1',108.6,462.2,1001,1,1
0,3x3000m,118.5,434.4,100001,1,1
0,1',115.6,476.3,1001,1,1
0,3x12',128.7,489.2,11000,1,1
0,3x10',119.2,462.4,10000,1,1
0,8x3',116.8,469.0,10011,1,1
0,3x1000m,114.7,468.7,110,1,1
0,3x12',119.1,439.6,11000,1,1
0,3x10',131.0,472.8,10000,1,1
0,1',112.5,496.3,1001,1,1
0,1',112.0,469.1,1001,1,1
0,5x8',119.5,449.5,101010,1,1
0,3x10',123.5,470.4,10000,1,1
0,8x3',112.6,439.6,10011,1,1
0,2x2000m,122.4,479.6,1100,1,1
0,3x2000m,131.8,467.9,11,1,1
0,2000m,112.9,451.6,1010,1,1
0,3x2000m,122.8,470.4,11,1,1
0,3x8',119.7,442.8,11111,1,1
0,2000m,114.7,458.8,1010,1,1
0,3x12',135.7,466.7,11000,1,1
0,3x15',130.5,468.7,1,1,1
0,3x1000m,120.3,473.2,110,1,1
0,1',121.7,493.5,1001,1,1
0,1',108.0,462.0,1001,1,1
0,1',111.4,468.5,1001,1,1
0,3x8',130.1,472.8,11111,1,1
0,3x2000m,122.7,462.4,11,1,1
0,6x6',118.6,458.4,101000,1,1
0,3x10',128.5,496.3,10000,1,1
0,2x2000m,129.0,479.6,1100,1,1
0,4x500m,107.6,450.8,100000,1,1
0,3x10',138.4,493.5,10000,1,1
0,8x3',117.0,454.1,10011,1,1
0,3x8',126.7,469.6,11111,1,1
0,3x10',144.9,479.6,10000,1,1
0,6x750m,112.5,441.6,100101,1,1
0,3x12',129.3,489.2,11000,1,1
0,3x15',125.9,458.0,1,1,1
0,3x13',122.8,462.0,101001,1,1
0,6x6',123.8,462.4,101000,1,1
0,3x10',121.6,460.5,10000,1,1
0,8x3',116.4,447.2,10011,1,1
0,3x15',121.1,439.6,1,1,1
0,3x3000m,121.9,434.4,100001,1,1
0,1',111.8,476.3,1001,1,1
0,3x12',124.1,458.4,11000,1,1
0,3x3000m,128.3,447.2,100001,1,1
0,1',114.0,472.6,1001,1,1
0,3x2000m,121.7,452.7,11,1,1
0,2x2000m,118.9,469.8,1100,1,1
0,5x8',120.0,462.4,101010,1,1
0,8x3',115.0,449.6,10011,1,1
0,1500m+750m,116.9,472.0,100110,1,1
0,1',109.1,476.3,1001,1,1
0,1',116.8,471.7,1001,1,1
0,2x19',126.3,449.6,100011,1,1
0,2x2000m,114.4,449.6,1100,1,1
0,2x2000m,114.5,449.5,1100,1,1
0,4x5',118.6,463.3,10111,1,1
0,4x500m,112.8,460.0,100000,1,1
0,8x3',118.7,452.0,10011,1,1
0,3x12',124.5,462.0,11000,1,1
0,2000m,118.0,472.0,1010,1,1
0,3x15',126.6,451.5,1,1,1
0,8x3',106.2,434.4,10011,1,1
0,3x10',153.4,469.1,10000,1,1
0,3x2000m,121.5,468.5,11,1,1
0,3x2000m,122.6,468.5,11,1,1
0,3x3000m,117.4,434.4,100001,1,1
0,8x3',114.0,452.0,10011,1,1
0,3x10',126.5,468.5,10000,1,1
0,1',111.7,483.8,1001,1,1
0,3x10',134.1,475.2,10000,1,1
0,3x12',126.5,478.8,11000,1,1
0,3x12',118.0,439.6,11000,1,1
0,3x10',118.3,458.4,10000,1,1
0,3x15',119.8,441.6,1,1,1
0,3x12',128.5,478.8,11000,1,1
0,1',118.9,472.6,1001,1,1
0,6x750m,109.6,449.6,100101,1,1
0,3x3000m,118.9,449.6,100001,1,1
0,5x8',119.6,458.4,101010,1,1
0,3x2000m,121.0,469.0,11,1,1
0,3x10',126.0,473.2,10000,1,1
0,3x2000m,122.3,462.0,11,1,1
0,3x2000m,119.1,451.5,11,1,1
0,4x500m,115.7,472.0,100000,1,1
0,3x12',124.5,451.6,11000,1,1
0,3x12',127.0,469.2,11000,1,1
0,3x2000m,125.9,462.0,11,1,1
0,3x2000m,121.9,462.9,11,1,1
0,3x10',121.6,448.8,10000,1,1
0,3x10',121.5,442.8,10000,1,1
0,7x3',117.8,458.8,100010,1,1
0,1',116.4,454.1,1001,1,1
0,3x2000m,125.2,464.8,11,1,1
0,1',115.2,493.5,1001,1,1
0,5x8',120.2,462.4,101010,1,1
0,8x3',115.8,462.2,10011,1,1
0,3x11',123.4,454.1,100111,1,1
0,3x10',122.5,468.5,10000,1,1
0,1',115.2,493.5,1001,1,1
0,3x2000m,116.2,450.2,11,1,1
0,1',114.5,483.8,1001,1,1
0,3x10',124.4,491.2,10000,1,1
0,3x10',122.8,458.4,10000,1,1
0,8x3',117.6,449.5,10011,1,1
0,3x10',118.1,451.7,10000,1,1
0,3x11',122.9,469.0,100111,1,1
0,3x1000m,115.5,455.7,110,1,1
0,3x2000m,125.8,469.0,11,1,1
0,8x3',117.0,462.4,10011,1,1
0,3x3000m,125.0,449.6,100001,1,1
0,3x15',124.5,452.0,1,1,1
0,2x10',157.3,479.6,101100,1,1
0,2x2000m,119.0,465.6,1100,1,1
0,2x2000m,122.6,472.6,1100,1,1
0,3x2000m,119.1,448.8,11,1,1
0,2x10',145.3,469.1,101100,1,1
0,3x2000m,119.7,448.8,11,1,1
0,2000m,119.8,479.2,1010,1,1
0,2x2000m,120.3,476.3,1100,1,1
0,3x12',126.0,472.0,11000,1,1
0,4x500m,106.7,441.6,100000,1,1
0,3x10',136.4,493.5,10000,1,1
0,2x2000m,128.1,493.5,1100,1,1
0,6x6',121.9,469.0,101000,1,1
0,8x3',111.3,454.1,10011,1,1
0,2x2000m,122.8,480.2,1100,1,1
0,2000m,119.9,479.6,1010,1,1
0,3x10',131.0,451.7,10000,1,1
0,3x2000m,125.7,476.0,11,1,1
0,8x3',108.9,441.6,10011,1,1
0,3x15',158.1,468.6,1,1,1
0,3x10',118.4,462.4,10000,1,1
0,3x10',126.5,472.0,10000,1,1
0,8x3',109.2,439.6,10011,1,1
0,8x3',120.8,468.5,10011,1,1
0,3x8',129.0,469.6,11111,1,1
0,8x3',115.0,462.2,10011,1,1
0,3x10',124.8,470.4,10000,1,1
0,4x5',121.5,477.6,10111,1,1
0,4x500m,109.0,450.8,100000,1,1
0,3x2000m,136.9,468.6,11,1,1
0,3x3000m,127.8,460.0,100001,1,1
0,2000m,117.4,469.6,1010,1,1
0,3x10',128.4,476.0,10000,1,1
0,2000m,110.5,442.0,1010,1,1
0,3x2000m,131.4,472.3,11,1,1
0,4x5',118.5,470.4,10111,1,1
0,4x5',115.3,454.8,10111,1,1
0,3x2000m,133.3,487.7,11,1,1
0,2x2000m,122.4,479.6,1100,1,1
0,3x10',138.4,476.3,10000,1,1
0,3x10',119.2,439.6,10000,1,1
0,3x10',128.6,479.2,10000,1,1
0,3x10',127.7,477.6,10000,1,1
0,3x10',136.7,480.2,10000,1,1
0,3x8',131.5,472.8,11111,1,1
0,8x3',116.7,460.0,10011,1,1
0,3x10',125.7,480.8,10000,1,1
0,3x2000m,123.4,449.5,11,1,1
0,8x3',116.5,447.2,10011,1,1
0,3x15',128.8,455.7,1,1,1
0,1',109.9,458.4,1001,1,1
0,3x13',121.0,462.2,101001,1,1
0,5x8',119.7,458.4,101010,1,1
0,3x12',120.8,449.5,11000,1,1
0,3x8',128.2,469.6,11111,1,1
0,3x10',127.7,472.0,10000,1,1
0,3x1000m,113.3,451.7,110,1,1
0,3x2000m,129.3,472.3,11,1,1
0,3x15',133.5,455.9,1,1,1
0,3x10',123.5,449.5,10000,1,1
0,3x12',123.8,464.6,11000,1,1
0,3x10',115.8,458.0,10000,1,1
0,3x2000m,124.1,462.2,11,1,1
0,3x2000m,133.4,480.8,11,1,1
0,2x2000m,127.0,483.8,1100,1,1
0,1',128.0,480.2,1001,1,1
0,3x2000m,119.1,454.8,11,1,1
0,3x3000m,125.3,458.8,100001,1,1
0,2000m,119.0,476.0,1010,1,1
0,3x10',135.4,479.6,10000,1,1
0,6x6',135.3,468.5,101000,1,1
0,3x2000m,120.6,462.4,11,1,1
0,8x3',116.2,452.0,10011,1,1
0,1',113.5,454.1,1001,1,1
0,3x10',124.6,473.2,10000,1,1
0,1',113.7,483.8,1001,1,1
0,2x2000m,122.6,479.6,1100,1,1
0,3x3000m,123.0,447.2,100001,1,1
0,4x5',123.5,460.5,10111,1,1
0,3x12',126.0,468.4,11000,1,1
0,3x15',129.1,463.3,1,1,1
0,8x3',118.5,452.0,10011,1,1
0,8x3',115.8,452.0,10011,1,1
0,4x500m,112.0,464.6,100000,1,1
0,8x3',115.5,462.4,10011,1,1
0,3x10',128.3,476.0,10000,1,1
0,3x10',120.7,454.8,10000,1,1
0,3x2000m,124.2,472.3,11,1,1
0,3x10',126.5,469.8,10000,1,1
0,3x2000m,126.8,480.8,11,1,1
0,3x15',130.8,460.0,1,1,1
0,3x10',121.4,460.5,10000,1,1
0,2x2000m,122.2,479.6,1100,1,1
0,2000m,114.7,458.8,1010,1,1
0,7x3',116.8,458.8,100010,1,1
0,3x12',128.7,466.7,11000,1,1
0,6x750m,111.6,441.6,100101,1,1
0,8x3',113.6,462.4,10011,1,1
0,3x10',127.2,476.0,10000,1,1
0,2x10',134.8,483.8,101100,1,1
0,1',112.3,469.1,1001,1,1
0,1000m,109.0,442.8,10001,1,1
0,6x750m,114.0,452.0,100101,1,1
0,2x2000m,119.7,469.1,1100,1,1
0,3x10',133.8,471.7,10000,1,1
0,3x3000m,126.9,452.0,100001,1,1
0,3x10',120.7,449.5,10000,1,1
0,3x1000m,120.3,480.8,110,1,1
0,3x10',123.3,458.8,10000,1,1
0,3x10',117.4,455.7,10000,1,1
0,3x10',131.6,454.8,10000,1,1
0,3x1000m,120.3,472.8,110,1,1
0,3x10',125.9,480.8,10000,1,1
0,2x2000m,118.6,469.0,1100,1,1
0,3x10',131.6,480.8,10000,1,1
0,2x3000m,113.9,441.6,100100,1,1
0,3x11',121.9,462.4,100111,1,1
0,3x2000m,131.4,467.9,11,1,1
0,3x15',133.6,450.2,1,1,1
0,3x8',128.0,470.4,11111,1,1
0,3x2000m,121.2,462.4,11,1,1
0,8x3',116.4,449.6,10011,1,1
0,3x12',128.2,479.6,11000,1,1
0,1',112.4,479.6,1001,1,1
0,3x2000m,134.0,480.8,11,1,1
0,3x10',131.5,493.5,10000,1,1
0,2x19',125.9,447.2,100011,1,1
0,1',107.5,462.4,1001,1,1
0,4x5',122.8,475.2,10111,1,1
0,4x5',117.2,454.8,10111,1,1
0,3x10',127.8,479.2,10000,1,1
0,3x15',125.5,452.0,1,1,1
0,3x12',119.4,451.6,11000,1,1
0,3x10',139.8,471.7,10000,1,1
0,3x10',135.7,483.8,10000,1,1
0,3x15',130.0,451.7,1,1,1
0,8x3',114.3,439.6,10011,1,1
0,1',115.8,468.5,1001,1,1
0,2x19',125.2,439.6,100011,1,1
0,2x2000m,120.7,468.5,1100,1,1
0,3x8',135.4,472.8,11111,1,1
0,2x2000m,123.3,476.3,1100,1,1
0,3x15',136.1,467.9,1,1,1
0,3x10',128.7,491.2,10000,1,1
0,4x5',117.2,458.8,10111,1,1
0,3x10',127.5,469.8,10000,1,1
0,3x15',150.7,468.6,1,1,1
0,4x500m,110.8,449.6,100000,1,1
0,2000m,117.3,469.2,1010,1,1
0,3x8',129.0,469.6,11111,1,1
0,2000m,115.0,460.0,1010,1,1
0,3x8',119.3,442.8,11111,1,1
0,3x10',119.9,469.6,10000,1,1
0,3x10',140.9,467.2,10000,1,1
0,8x3',115.5,454.1,10011,1,1
0,3x2000m,129.1,455.9,11,1,1
0,3x3000m,122.2,434.4,100001,1,1
0,3x10',120.5,442.8,10000,1,1
0,2000m,113.4,449.6,1010,1,1
0,3x10',132.9,469.1,10000,1,1
0,3x10',133.5,496.3,10000,1,1
0,3x2000m,123.3,462.2,11,1,1
0,4x500m,107.8,455.2,100000,1,1
0,6x750m,114.8,449.6,100101,1,1
0,1',114.0,479.6,1001,1,1
0,3x12',121.0,452.0,11000,1,1
0,3x11',123.2,462.2,100111,1,1
0,6x750m,113.3,460.0,100101,1,1
0,3x10',134.8,483.8,10000,1,1
0,3x8',128.2,472.0,11111,1,1
0,3x2000m,135.1,487.7,11,1,1
0,3x12',130.4,486.0,11000,1,1
0,3x10',134.3,479.2,10000,1,1
0,6x6',123.2,462.0,101000,1,1
0,3x10',119.1,449.5,10000,1,1
0,1',117.1,480.2,1001,1,1
0,8x3',118.4,462.0,10011,1,1
0,3x2000m,123.0,462.2,11,1,1
0,3x10',131.2,454.8,10000,1,1
0,3x10',133.2,471.7,10000,1,1
0,3x10',129.1,489.6,10000,1,1
0,1',112.4,469.0,1001,1,1
0,3x10',122.5,448.8,10000,1,1
0,3x1000m,121.3,480.8,110,1,1
0,1',114.2,468.5,1001,1,1
0,2x10',135.7,469.1,101100,1,1
0,3x10',132.1,476.3,10000,1,1
0,8x3',109.7,441.6,10011,1,1
0,3x12',124.3,458.8,11000,1,1
0,3x10',124.2,454.8,10000,1,1
0,2x2000m,119.1,469.8,1100,1,1
0,3x1000m,111.2,458.0,110,1,1
0,6x750m,108.3,441.6,100101,1,1
0,2000m,119.7,478.8,1010,1,1
0,3x12',123.4,462.0,11000,1,1
0,2000m,118.2,472.8,1010,1,1
0,5x8',119.5,462.0,101010,1,1
0,3x10',127.9,470.4,10000,1,1
0,4x500m,115.1,472.0,100000,1,1
0,1',110.9,472.6,1001,1,1
0,8x3',118.8,462.0,10011,1,1
0,1x1500m,116.3,471.7,101101,1,1
0,3x12',124.2,462.4,11000,1,1
0,8x3',116.6,449.6,10011,1,1
0,2x3000m,113.9,434.4,100100,1,1
0,1',112.4,496.3,1001,1,1
0,6x6',120.4,469.0,101000,1,1
0,1',113.0,480.2,1001,1,1
0,3x15',143.4,467.9,1,1,1
0,3x10',123.0,473.2,10000,1,1
0,8x3',119.8,458.8,10011,1,1
0,4x500m,104.9,441.6,100000,1,1
0,1',107.2,462.4,1001,1,1
0,2000m,122.8,491.2,1010,1,1
0,3x10',130.6,472.6,10000,1,1
0,3x2000m,136.1,479.2,11,1,1
0,3x10',127.2,472.0,10000,1,1
0,3x12',123.7,454.1,11000,1,1
0,1',113.3,496.3,1001,1,1
0,1',110.8,469.8,1001,1,1
0,3x3000m,128.4,460.0,100001,1,1
0,2x10',131.7,496.3,101100,1,1
0,2000m,118.3,473.2,1010,1,1
0,6x6',123.0,458.4,101000,1,1
0,5x8',119.4,462.2,101010,1,1
0,3x10',123.5,472.0,10000,1,1
0,3x10',128.7,471.7,10000,1,1
0,1',110.5,471.7,1001,1,1
0,3x10',120.2,462.0,10000,1,1
0,3x8',132.1,470.4,11111,1,1
0,3x15',140.8,455.7,1,1,1
0,3x10',128.2,464.8,10000,1,1
0,2x2000m,115.8,458.0,1100,1,1
0,4x500m,100.3,439.6,100000,1,1
0,3x2000m,126.2,468.5,11,1,1
0,3x2000m,131.2,472.3,11,1,1
0,1',108.7,469.8,1001,1,1
0,3x8',129.8,472.8,11111,1,1
0,3x15',137.8,472.3,1,1,1
0,3x13',124.2,454.1,101001,1,1
0,3x2000m,115.5,447.8,11,1,1
0,3x1000m,114.6,460.5,110,1,1
0,3x10',127.3,468.5,10000,1,1
0,3x15',119.6,441.6,1,1,1
0,8x3',119.2,460.0,10011,1,1
0,3x3000m,135.0,447.2,100001,1,1
0,3x10',125.2,458.8,10000,1,1
0,3x2000m,123.6,454.1,11,1,1
0,2x2000m,118.8,460.0,1100,1,1
0,3x10',122.8,469.6,10000,1,1
0,2x19',125.3,439.6,100011,1,1
0,6x6',121.9,469.0,101000,1,1
0,2x2000m,114.8,449.5,1100,1,1
0,3x10',134.7,475.2,10000,1,1
0,3x10',128.4,467.2,10000,1,1
0,1',114.8,472.6,1001,1,1
0,3x10',120.1,451.2,10000,1,1
0,3x10',134.8,480.2,10000,1,1
0,1',108.5,469.1,1001,1,1
0,3x10',117.8,442.8,10000,1,1
0,6x6',123.5,462.2,101000,1,1
0,3x10',122.7,464.8,10000,1,1
0,3x10',119.9,462.2,10000,1,1
0,3x2000m,127.8,468.7,11,1,1
0,3x2000m,122.8,462.0,11,1,1
0,3x10',134.1,471.7,10000,1,1
0,3x10',123.9,472.6,10000,1,1
0,1',111.1,479.6,1001,1,1
0,3x2000m,134.4,480.8,11,1,1
0,4x5',116.4,454.8,10111,1,1
0,3x15',132.2,472.3,1,1,1
0,8x3',116.1,454.1,10011,1,1
0,2x2000m,120.1,469.1,1100,1,1
0,3x10',128.7,496.3,10000,1,1
0,3x10',134.5,483.8,10000,1,1
0,3x12',120.8,447.2,11000,1,1
0,3x13',122.8,458.4,101001,1,1
0,2x2000m,123.7,483.8,1100,1,1
0,1',116.6,480.2,1001,1,1
0,3x12',123.0,458.4,11000,1,1
0,8x3',112.2,434.4,10011,1,1
0,1500m,115.1,460.5,1000,1,1
0,3x10',133.5,483.8,10000,1,1
0,4x500m,116.4,458.8,100000,1,1
0,2000m,113.0,452.0,1010,1,1
0,3x15',131.3,462.9,1,1,1
0,3x10',125.5,472.8,10000,1,1
0,3x10',126.9,467.2,10000,1,1
0,3x2000m,123.5,476.0,11,1,1
0,8x3',118.4,468.5,10011,1,1
0,3x10',126.5,480.8,10000,1,1
0,3x10',119.3,442.8,10000,1,1
0,3x3000m,121.4,452.0,100001,1,1
0,3x3000m,118.1,441.6,100001,1,1
0,4x500m,114.3,458.8,100000,1,1
0,2x2000m,126.5,493.5,1100,1,1
0,3x3000m,119.1,449.6,100001,1,1
0,8x3',114.6,439.6,10011,1,1
0,1',114.6,493.5,1001,1,1
0,8x3',116.5,462.4,10011,1,1
0,3x12',119.9,449.6,11000,1,1
0,3x2000m,121.5,469.0,11,1,1
0,8x3',119.0,458.8,10011,1,1
0,2000m,122.4,489.6,1010,1,1
0,3x10',123.0,458.8,10000,1,1
0,3x1000m,114.8,455.7,110,1,1
0,4x500m,120.9,434.4,100000,1,1
0,3x12',123.8,462.2,11000,1,1
0,3x12',129.0,479.6,11000,1,1
0,3x10',123.6,462.0,10000,1,1
0,3x15',124.4,452.0,1,1,1
0,3x10',120.0,439.6,10000,1,1
0,8x3',117.4,462.4,10011,1,1
0,5x8',118.5,462.2,101010,1,1
0,6x6',122.3,449.5,101000,1,1
0,5x8',118.6,449.5,101010,1,1
0,3x10',126.9,468.5,10000,1,1
0,3x10',133.5,479.6,10000,1,1
0,2x10',139.5,483.8,101100,1,1
0,3x10',135.1,489.6,10000,1,1
0,2x2000m,119.4,462.4,1100,1,1
0,6x6',131.4,468.5,101000,1,1
0,3x3000m,117.5,441.6,100001,1,1
0,3x15',132.3,458.0,1,1,1
0,3x2000m,119.7,450.2,11,1,1
0,3x10',122.2,469.0,10000,1,1
0,3x10',133.2,480.2,10000,1,1
0,3x10',125.0,469.8,10000,1,1
0,8x3',109.3,434.4,10011,1,1
0,1500m+750m,119.1,473.2,100110,1,1
0,3x10',132.2,489.6,10000,1,1
0,6x6',121.6,462.4,101000,1,1
0,3x2000m,123.3,462.0,11,1,1
0,1500m+750m,109.2,442.8,100110,1,1
0,8x3',114.3,441.6,10011,1,1
0,3x10',131.5,479.6,10000,1,1
0,8x3',113.3,439.6,10011,1,1
0,2x2000m,126.0,483.8,1100,1,1
0,3x2000m,123.8,467.2,11,1,1
0,8x3',111.2,462.2,10011,1,1
0,3x2000m,123.9,464.8,11,1,1
0,3x2000m,124.2,454.1,11,1,1
0,3x10',125.5,491.2,10000,1,1
0,8x3',110.2,439.6,10011,1,1
0,3x8',130.9,472.0,11111,1,1
0,8x3',119.3,462.0,10011,1,1
0,3x10',133.8,480.2,10000,1,1
0,3x10',131.6,480.8,10000,1,1
0,8x3',119.8,460.0,10011,1,1
0,3x3000m,120.3,439.6,100001,1,1
0,8x3',117.8,460.0,10011,1,1
0,3x12',123.0,462.0,11000,1,1
0,3x2000m,116.7,447.8,11,1,1
0,8x3',111.8,462.2,10011,1,1
0,8x3',118.6,449.5,10011,1,1
0,8x3',112.7,439.6,10011,1,1
0,3x12',124.3,458.8,11000,1,1
0,3x10',133.2,472.8,10000,1,1
0,1',111.9,471.7,1001,1,1
0,2x3000m,115.4,441.6,100100,1,1
0,3x11',122.0,462.4,100111,1,1
0,4x500m,104.3,450.8,100000,1,1
0,3x2000m,123.9,467.2,11,1,1
0,3x12',124.1,469.6,11000,1,1
0,3x10',121.2,455.7,10000,1,1
0,4x5',117.1,463.3,10111,1,1
0,8x3',114.2,454.1,10011,1,1
0,3x10',119.9,469.0,10000,1,1
0,1',114.8,493.5,1001,1,1
0,3x10',133.5,493.5,10000,1,1
0,3x1000m,119.9,479.2,110,1,1
0,6x6',120.7,449.5,101000,1,1
0,3x12',121.9,449.6,11000,1,1
0,3x12',127.0,469.2,11000,1,1
0,3x10',122.0,454.1,10000,1,1
0,5x8',119.4,458.4,101010,1,1
0,5x8',126.0,468.5,101010,1,1
0,3x10',126.3,476.0,10000,1,1
0,3x10',121.8,464.8,10000,1,1
0,3x12',120.9,449.5,11000,1,1
0,1',116.9,469.1,1001,1,1
0,3x2000m,130.8,487.7,11,1,1
0,6x6',124.4,462.2,101000,1,1
0,3x10',136.7,472.6,10000,1,1
0,5x8',119.6,458.4,101010,1,1
0,8x3',117.3,439.6,10011,1,1
0,2x2000m,118.6,469.0,1100,1,1
0,3x2000m,123.2,475.2,11,1,1
0,3x2000m,131.0,467.9,11,1,1
0,2000m,118.0,472.0,1010,1,1
0,3x2000m,121.1,462.2,11,1,1
0,1500m+750m,122.8,491.2,100110,1,1
0,3x10',125.3,480.8,10000,1,1
0,3x2000m,121.2,462.9,11,1,1
0,3x10',126.7,472.8,10000,1,1
0,4x5',121.9,477.6,10111,1,1
0,3x8',125.8,469.6,11111,1,1
0,3x3000m,118.7,434.4,100001,1,1
0,3x10',130.4,471.7,10000,1,1
0,8x3',111.6,434.4,10011,1,1
0,8x3',117.6,458.4,10011,1,1
0,8x3',116.7,452.0,10011,1,1
0,3x10',118.3,462.4,10000,1,1
0,3x3000m,122.3,458.8,100001,1,1
0,3x10',138.1,479.6,10000,1,1
0,3x2000m,126.1,469.0,11,1,1
0,3x10',128.7,496.3,10000,1,1
0,3x12',129.4,460.0,11000,1,1
0,1',115.2,480.2,1001,1,1
0,3x10',142.5,480.2,10000,1,1
0,3x2000m,127.3,476.0,11,1,1
0,1',122.4,480.2,1001,1,1
0,3x10',131.5,472.8,10000,1,1
0,6x6',129.4,468.5,101000,1,1
0,1',110.9,469.1,1001,1,1
0,3x2000m,122.4,455.9,11,1,1
0,3x1000m,119.8,473.2,110,1,1
0,3x15',130.3,460.5,1,1,1
0,8x3',114.5,434.4,10011,1,1
0,3x2000m,123.5,462.0,11,1,1
0,2x2000m,121.7,471.7,1100,1,1
0,8x3',117.2,462.0,10011,1,1
0,8x3',112.5,434.4,10011,1,1
0,5x8',120.0,462.0,101010,1,1
0,3x2000m,121.5,458.8,11,1,1
0,3x1000m,118.0,476.0,110,1,1
0,3x13',123.0,454.1,101001,1,1
0,2x10',137.4,493.5,101100,1,1
0,3x10',128.0,491.2,10000,1,1
0,3x3000m,121.7,449.6,100001,1,1
0,3x12',125.3,469.6,11000,1,1
0,3x2000m,120.8,458.4,11,1,1
0,1',112.4,479.6,1001,1,1
0,3x2000m,127.9,487.7,11,1,1
0,3x2000m,122.8,469.0,11,1,1
0,3x2000m,125.1,450.2,11,1,1
0,3x10',135.1,483.8,10000,1,1
0,3x8',124.6,491.2,11111,1,1
0,3x10',126.2,468.5,10000,1,1
0,3x2000m,128.5,473.2,11,1,1
0,8x3',115.8,460.0,10011,1,1
0,3x1000m,110.9,463.3,110,1,1
0,3x10',127.2,448.8,10000,1,1
0,3x10',123.2,469.8,10000,1,1
0,2x2000m,119.9,458.4,1100,1,1
0,3x12',121.2,449.6,11000,1,1
0,4x5',125.5,460.5,10111,1,1
0,1',116.9,480.2,1001,1,1
0,3x10',129.0,477.6,10000,1,1
0,2x2000m,120.1,476.3,1100,1,1
0,3x2000m,123.5,464.8,11,1,1
0,3x10',128.2,472.6,10000,1,1
0,3x2000m,123.0,462.0,11,1,1
0,3x2000m,117.2,451.5,11,1,1
0,8x3',113.9,439.6,10011,1,1
0,2x2000m,119.0,462.0,1100,1,1
0,4x5',123.2,477.6,10111,1,1
0,1',118.8,483.8,1001,1,1
0,1',122.6,471.7,1001,1,1
0,3x15',134.4,451.7,1,1,1
0,3x3000m,125.4,458.8,100001,1,1
0,3x2000m,128.6,472.8,11,1,1
0,3x15',128.5,452.0,1,1,1
0,8x3',116.7,462.2,10011,1,1
0,2x2000m,117.7,460.0,1100,1,1
0,1500m,115.6,465.6,1000,1,1
0,8x3',115.0,447.2,10011,1,1
0,3x10',132.6,477.6,10000,1,1
0,3x3000m,123.0,458.8,100001,1,1
0,2x2000m,127.2,479.6,1100,1,1
0,2x3000m,117.6,434.4,100100,1,1
0,4x500m,104.0,451.6,100000,1,1
0,8x3',118.2,462.0,10011,1,1
0,3x1000m,116.6,464.8,110,1,1
0,6x6',123.5,462.0,101000,1,1
0,3x2000m,114.5,451.2,11,1,1
0,1',111.5,462.0,1001,1,1
0,3x8',126.0,470.4,11111,1,1
0,3x10',115.4,458.0,10000,1,1
0,3x10',123.5,454.8,10000,1,1
0,3x2000m,131.2,473.2,11,1,1
0,3x12',128.5,478.8,11000,1,1
0,1',114.7,496.3,1001,1,1
0,8x3',115.8,434.4,10011,1,1
0,3x12',125.3,468.4,11000,1,1
0,3x10',122.3,454.8,10000,1,1
0,2x2000m,123.5,496.3,1100,1,1
0,2x2000m,130.1,496.3,1100,1,1
0,2x10',147.1,472.6,101100,1,1
0,3x10',129.3,496.3,10000,1,1
0,4x500m,112.8,455.2,100000,1,1
0,8x3',114.3,449.6,10011,1,1
0,3x10',122.6,448.8,10000,1,1
0,6x6',120.3,458.4,101000,1,1
0,8x3',119.5,460.0,10011,1,1
0,2x2000m,122.8,483.8,1100,1,1
0,1',121.7,483.8,1001,1,1
0,3x12',129.1,460.0,11000,1,1
0,4x500m,106.7,439.6,100000,1,1
0,8x3',118.5,460.0,10011,1,1
0,1',111.9,480.2,1001,1,1
0,3x2000m,123.5,450.2,11,1,1
0,3x10',116.7,458.4,10000,1,1
0,8x3',116.2,447.2,10011,1,1
0,3x10',122.9,464.8,10000,1,1
0,3x3000m,117.5,441.6,100001,1,1
0,3x10',127.5,469.1,10000,1,1
0,6x6',123.8,462.0,101000,1,1
0,1500m+750m,112.2,469.6,100110,1,1
0,4x5',122.8,451.7,10111,1,1
0,1',111.4,479.6,1001,1,1
0,8x3',113.4,462.0,10011,1,1
0,8x3',113.4,434.4,10011,1,1
0,1',111.4,483.8,1001,1,1
0,3x8',133.5,472.8,11111,1,1
0,6x6',134.5,468.5,101000,1,1
0,3x10',126.6,467.2,10000,1,1
0,3x3000m,125.6,458.8,100001,1,1
0,3x15',135.1,465.6,1,1,1
0,3x8',125.8,469.6,11111,1,1
0,1',114.2,496.3,1001,1,1
0,3x10',126.8,475.2,10000,1,1
0,3x10',116.4,455.7,10000,1,1
0,3x10',126.4,468.5,10000,1,1
0,4x500m,116.6,472.0,100000,1,1
0,8x3',115.9,452.0,10011,1,1
0,2x10',140.6,480.2,101100,1,1
0,3x10',121.8,462.4,10000,1,1
0,2000m,116.3,467.2,1010,1,1
0,8x3',118.5,458.8,10011,1,1
0,8x3',119.8,447.2,10011,1,1
0,8x3',118.4,460.0,10011,1,1
0,4x5',119.9,475.2,10111,1,1
0,8x3',118.8,458.4,10011,1,1
0,3x8',126.0,469.6,11111,1,1
0,3x2000m,123.6,475.2,11,1,1
0,3x10',134.1,493.5,10000,1,1
0,2x2000m,119.3,458.4,1100,1,1
0,1',116.1,493.5,1001,1,1
0,8x3',115.2,449.6,10011,1,1
0,8x3',112.9,449.6,10011,1,1
0,1',117.5,476.3,1001,1,1
0,8x3',113.6,460.0,10011,1,1
0,3x2000m,120.1,451.2,11,1,1
0,3x10',118.5,462.2,10000,1,1
0,3x10',128.1,472.8,10000,1,1
0,3x2000m,119.4,450.9,11,1,1
0,3x10',126.5,470.4,10000,1,1
0,3x3000m,113.6,434.4,100001,1,1
0,3x10',128.5,472.6,10000,1,1
0,1',115.0,479.6,1001,1,1
0,1',116.1,496.3,1001,1,1
0,3x10',127.1,476.0,10000,1,1
0,2x2000m,121.4,460.5,1100,1,1
0,6x6',122.6,462.4,101000,1,1
0,3x12',123.6,466.0,11000,1,1
0,3x10',128.7,475.2,10000,1,1
0,3x10',127.0,470.4,10000,1,1
0,2x2000m,119.9,454.1,1100,1,1
0,8x3',119.5,460.0,10011,1,1
0,8x3',119.7,454.1,10011,1,1
0,1',108.3,449.5,1001,1,1
0,3x10',135.7,480.2,10000,1,1
0,3x10',135.4,471.7,10000,1,1
0,3x10',124.5,465.6,10000,1,1
0,3x10',129.3,476.3,10000,1,1
0,2x2000m,122.2,483.8,1100,1,1
0,3x10',132.3,480.2,10000,1,1
0,1',110.9,471.7,1001,1,1
0,3x10',126.4,479.2,10000,1,1
0,3x3000m,128.2,458.8,100001,1,1
0,8x3',116.5,460.0,10011,1,1
0,3x2000m,121.3,454.1,11,1,1
0,3x12',123.4,449.5,11000,1,1
0,8x3',114.7,469.0,10011,1,1
0,3x1000m,121.0,472.8,110,1,1
0,3x10',128.7,472.8,10000,1,1
0,4x5',117.8,477.6,10111,1,1
0,3x15',134.7,472.3,1,1,1
0,3x10',118.4,469.0,10000,1,1
0,3x3000m,122.5,452.0,100001,1,1
0,4x500m,107.8,452.0,100000,1,1
0,6x750m,108.8,452.0,100101,1,1
0,3x15',127.2,458.8,1,1,1
0,3x10',133.5,472.6,10000,1,1
0,4x500m,108.4,458.8,100000,1,1
0,3x10',132.6,480.2,10000,1,1
0,1',114.6,480.2,1001,1,1
0,3x15',127.4,458.8,1,1,1
0,3x10',117.4,462.4,10000,1,1
0,2x3000m,124.0,460.0,100100,1,1
0,8x3',115.8,447.2,10011,1,1
0,3x2000m,121.9,455.9,11,1,1
0,3x2000m,122.0,451.7,11,1,1
0,3x2000m,129.6,479.2,11,1,1
0,3x2000m,120.5,462.4,11,1,1
0,2x3000m,115.0,439.6,100100,1,1
0,3x13',123.5,462.0,101001,1,1
0,2x2000m,120.5,465.6,1100,1,1
0,3x10',120.5,462.2,10000,1,1
0,1',109.6,468.5,1001,1,1
0,3x2000m,120.4,469.0,11,1,1
0,2x2000m,120.7,454.1,1100,1,1
0,8x3',110.0,462.4,10011,1,1
0,3x10',117.1,462.0,10000,1,1
0,5x8',119.2,462.0,101010,1,1
0,3x2000m,124.8,477.6,11,1,1
0,6x6',120.2,462.2,101000,1,1
0,3x10',125.2,479.2,10000,1,1
0,1',119.1,493.5,1001,1,1
0,3x2000m,126.2,458.4,11,1,1
0,3x12',121.4,447.2,11000,1,1
0,1',121.7,480.2,1001,1,1
0,5x8',119.3,462.2,101010,1,1
0,8x3',111.9,458.4,10011,1,1
0,3x2000m,136.3,480.8,11,1,1
0,4x500m,114.6,486.0,100000,1,1
0,3x15',134.2,450.2,1,1,1
0,4x500m,112.9,466.7,100000,1,1
0,3x8',127.7,470.4,11111,1,1
0,3x2000m,121.7,451.7,11,1,1
0,3x10',126.7,472.8,10000,1,1
0,8x3',115.2,462.4,10011,1,1
0,4x500m,107.3,452.0,100000,1,1
0,3x1000m,119.0,476.0,110,1,1
0,1',113.8,483.8,1001,1,1
0,6x750m,115.8,460.0,100101,1,1
0,1',113.4,469.1,1001,1,1
0,5x8',120.5,462.4,101010,1,1
0,6x750m,113.6,447.2,100101,1,1
0,3x10',124.1,458.8,10000,1,1
0,3x10',132.9,476.3,10000,1,1
0,3x8',126.0,473.2,11111,1,1
0,3x1000m,114.7,465.6,110,1,1
0,2000m,116.9,464.6,1010,1,1
0,2x2000m,116.0,455.7,1100,1,1
0,3x2000m,135.4,487.7,11,1,1
0,20',119.7,462.2,101011,1,1
0,2x2000m,119.9,472.6,1100,1,1
0,3x1000m,112.7,455.7,110,1,1
0,3x10',132.6,469.1,10000,1,1
0,2x19',126.5,449.6,100011,1,1
0,8x3',117.0,454.1,10011,1,1
0,3x10',123.3,464.8,10000,1,1
0,3x15',130.4,447.8,1,1,1
0,3x12',130.1,489.2,11000,1,1
0,3x12',119.3,442.0,11000,1,1
0,3x2000m,128.1,465.6,11,1,1
0,3x12',122.2,462.4,11000,1,1
0,3x15',119.5,434.4,1,1,1
0,3x3000m,122.5,447.2,100001,1,1
0,3x11',124.2,462.0,100111,1,1
0,8x3',115.3,441.6,10011,1,1
0,4x5',124.4,451.7,10111,1,1
0,6x750m,115.4,460.0,100101,1,1
0,3x3000m,127.0,458.8,100001,1,1
0,1500m+750m,117.5,472.8,100110,1,1
0,2x19',129.2,458.8,100011,1,1
0,1',115.8,493.5,1001,1,1
0,2x2000m,118.0,469.8,1100,1,1
0,1',112.8,462.2,1001,1,1
0,3x15',134.9,450.9,1,1,1
0,1',113.4,471.7,1001,1,1
0,3x2000m,130.3,468.7,11,1,1
0,3x12',127.7,472.0,11000,1,1
0,3x10',128.7,469.1,10000,1,1
0,3x1000m,116.0,460.5,110,1,1
0,8x3',115.5,449.6,10011,1,1
0,3x10',127.9,477.6,10000,1,1
0,3x10',122.0,451.2,10000,1,1
0,3x12',123.4,462.2,11000,1,1
0,3x10',130.6,469.1,10000,1,1
0,3x3000m,119.1,439.6,100001,1,1
0,3x10',118.0,458.0,10000,1,1
0,8x3',112.3,439.6,10011,1,1
0,3x10',127.5,470.4,10000,1,1
0,3x10',122.8,469.6,10000,1,1
0,3x3000m,122.6,449.6,100001,1,1
0,4x5',116.8,451.2,10111,1,1
0,3x10',125.7,480.8,10000,1,1
0,3x2000m,130.7,480.8,11,1,1
0,3x10',135.7,489.6,10000,1,1
0,1',123.0,479.6,1001,1,1
0,7x3',116.2,458.8,100010,1,1
0,8x3',113.9,447.2,10011,1,1
0,1500m+750m,117.5,473.2,100110,1,1
0,3x10',134.5,483.8,10000,1,1
0,3x2000m,127.1,468.5,11,1,1
0,3x10',120.3,469.0,10000,1,1
0,3x10',130.4,489.6,10000,1,1
0,3x2000m,122.5,458.4,11,1,1
0,8x3',109.4,441.6,10011,1,1
0,3x10',132.9,480.2,10000,1,1
0,3x10',120.5,449.5,10000,1,1
0,4x500m,116.9,486.0,100000,1,1
0,3x10',140.6,483.8,10000,1,1
0,3x10',129.5,476.3,10000,1,1
0,3x2000m,122.8,462.4,11,1,1
0,1',114.5,479.6,1001,1,1
0,3x10',123.0,468.5,10000,1,1
0,3x10',124.8,473.2,10000,1,1
0,8x3',110.0,434.4,10011,1,1
0,3x2000m,122.3,460.5,11,1,1
0,1',113.4,496.3,1001,1,1
0,3x2000m,129.4,455.9,11,1,1
0,2x2000m,121.5,469.1,1100,1,1
0,3x10',128.7,496.3,10000,1,1
0,3x2000m,121.7,462.9,11,1,1
0,8x3',116.2,449.5,10011,1,1
0,1',113.6,496.3,1001,1,1
0,3x10',129.3,491.2,10000,1,1
0,7x3',116.8,458.8,100010,1,1
0,4x500m,108.9,449.6,100000,1,1
0,4x500m,110.5,455.2,100000,1,1
0,1',113.0,483.8,1001,1,1
0,3x10',119.9,462.0,10000,1,1
0,6x750m,113.2,449.6,100101,1,1
0,1',115.0,479.6,1001,1,1
0,8x3',112.2,449.5,10011,1,1
0,8x3',112.6,447.2,10011,1,1
0,4x500m,108.7,447.2,100000,1,1
0,3x10',123.5,469.8,10000,1,1
0,3x12',116.9,439.6,11000,1,1
0,2000m,118.8,475.2,1010,1,1
0,3x1000m,118.3,472.8,110,1,1
0,4x5',120.4,455.7,10111,1,1
0,6x6',124.4,462.4,101000,1,1
0,1',112.0,471.7,1001,1,1
0,3x10',123.7,462.2,10000,1,1
0,3x10',119.5,439.6,10000,1,1
0,2000m,112.8,451.2,1010,1,1
0,3x3000m,119.2,439.6,100001,1,1
0,8x3',113.9,441.6,10011,1,1
0,2x10',143.7,480.2,101100,1,1
0,3x3000m,125.4,460.0,100001,1,1
0,2x2000m,124.6,483.8,1100,1,1
0,3x2000m,123.2,458.4,11,1,1
0,3x2000m,119.0,462.4,11,1,1
0,1',112.4,496.3,1001,1,1
0,8x3',114.2,458.4,10011,1,1
0,3x11',124.9,462.0,100111,1,1
0,3x11',123.2,462.2,100111,1,1
0,3x13',127.5,468.5,101001,1,1
0,8x3',116.8,454.1,10011,1,1
0,3x10',128.2,472.0,10000,1,1
0,3x10',124.3,462.0,10000,1,1
0,3x10',134.8,480.2,10000,1,1
0,1',115.8,472.6,1001,1,1
0,1500m,115.2,468.7,1000,1,1
0,3x10',122.9,454.1,10000,1,1
0,8x3',108.4,449.5,10011,1,1
0,3x10',123.4,464.8,10000,1,1
0,20',120.6,462.0,101011,1,1
0,1500m+750m,117.3,470.4,100110,1,1
1,5x5',109.0,392.0,0,0,1
1,3x2000m,101.2,381.6,11,0,1
1,3x2000m,104.9,389.4,11,0,1
1,4x1500m,99.2,394.1,101,0,1
1,3x1000m,91.8,371.8,110,0,1
1,3x20',119.0,392.0,10,0,1
1,4x1500m,102.1,389.4,101,0,1
1,4x1500m,101.5,389.4,101,0,1
1,3x1000m,94.9,381.6,110,0,1
1,3x2000m,106.2,394.1,11,0,1
1,4x1500m,95.7,371.8,101,0,1
1,6x500m,93.3,381.6,111,0,1
1,3x20',119.3,390.4,10,0,1
1,3x2000m,102.4,381.6,11,0,1
1,3x20',117.5,379.9,10,0,1
1,3x2000m,104.0,394.1,11,0,1
1,3x2000m,100.0,371.8,11,0,1
1,5x5',104.9,382.2,0,0,1
1,3x15',121.2,382.2,1,0,1
1,3x20',117.6,392.0,10,0,1
1,5x5',104.6,379.9,0,0,1
1,4x1500m,99.3,389.4,101,0,1
1,3x2000m,99.2,371.8,11,0,1
1,5x5',106.2,392.0,0,0,1
1,6000m,105.2,390.4,100,0,1
1,6x500m,92.6,381.6,111,0,1
1,3x2000m,101.4,381.6,11,0,1
1,3x2000m,106.1,390.4,11,0,1
1,3x2000m,105.0,394.1,11,0,1
1,3x20',131.4,390.4,10,0,1
1,4x1500m,102.0,390.4,101,0,1
1,3x2000m,104.9,390.4,11,0,1
1,4x1500m,101.8,389.4,101,0,1
1,3x20',118.2,382.2,10,0,1
1,3x2000m,100.8,381.6,11,0,1
1,3x20',117.7,392.0,10,0,1
1,3x2000m,100.3,371.8,11,0,1
1,3x2000m,99.7,371.8,11,0,1
1,6x500m,92.6,389.4,111,0,1
1,1500m,93.0,371.8,1000,0,1
1,3x2000m,101.8,381.6,11,0,1
1,3x2000m,103.7,390.4,11,0,1
1,3x1000m,99.2,389.4,110,0,1
1,3x20',117.7,392.0,10,0,1
1,3x2000m,105.7,389.4,11,0,1
1,3x20',117.1,371.8,10,0,1
1,6000m,100.0,371.8,100,0,1
1,5x5',104.1,379.9,0,0,1
1,3x20',124.6,371.8,10,0,1
1,3x20',115.5,379.9,10,0,1
1,3x1000m,94.8,389.4,110,0,1
1,3x20',123.3,390.4,10,0,1
1,6x500m,93.1,389.4,111,0,1
1,3x2000m,105.3,390.4,11,0,1
1,3x2000m,105.3,390.4,11,0,1
1,6x500m,90.8,371.8,111,0,1
1,4x1500m,101.6,394.1,101,0,1
1,3x20',118.6,381.6,10,0,1
1,4x1500m,103.6,394.1,101,0,1
1,3x2000m,101.1,381.6,11,0,1
1,3x1000m,94.9,381.6,110,0,1
1,4x1500m,102.3,394.1,101,0,1
1,4x1500m,101.3,394.1,101,0,1
1,6x500m,94.9,389.4,111,0,1
1,2000m,95.4,381.6,1010,0,1
1,3x2000m,99.1,371.8,11,0,1
1,5x5',107.1,390.2,0,0,1
1,6x500m,92.7,381.6,111,0,1
1,4x1500m,104.1,390.4,101,0,1
1,1500m,98.4,390.4,1000,0,1
1,3x2000m,105.0,394.1,11,0,1
1,6x500m,90.7,371.8,111,0,1
1,2000m,97.4,389.4,1010,0,1
1,5x5',104.5,382.2,0,0,1
1,3x20',125.5,371.8,10,0,1
1,5x5',104.0,379.9,0,0,1
1,3x2000m,106.7,390.4,11,0,1
1,3x20',121.7,392.0,10,0,1
1,6x500m,92.2,381.6,111,0,1
1,5x5',102.7,390.2,0,0,1
1,2000m,97.6,390.4,1010,0,1
1,3x15',121.0,382.2,1,0,1
1,3x2000m,108.2,390.4,11,0,1
1,6x500m,94.1,390.4,111,0,1
1,6x500m,92.9,381.6,111,0,1
1,4x1500m,101.5,389.4,101,0,1
1,4x1500m,98.4,371.8,101,0,1
1,4x1500m,101.2,381.6,101,0,1
1,4x1500m,100.3,381.6,101,0,1
1,3x20',120.9,390.2,10,0,1
1,3x2000m,102.1,389.4,11,0,1
1,3x20',119.5,382.2,10,0,1
1,3x20',120.9,390.2,10,0,1
1,3x2000m,100.7,381.6,11,0,1
1,6000m,104.7,381.6,100,0,1
1,1x2000m,94.25,377.0,101110,0,1
1,4x1500m,98.5,371.8,101,0,1
1,3x1000m,92.8,371.8,110,0,1
1,3x20',126.2,389.4,10,0,1
1,4x1500m,102.5,390.4,101,0,1
1,6x500m,93.3,390.4,111,0,1
1,3x2000m,103.6,381.6,11,0,1
1,3x20',116.5,390.4,10,0,1
1,3x2000m,102.5,389.4,11,0,1
1,6x500m,95.2,390.4,111,0,1
1,4x1500m,100.5,381.6,101,0,1
1,3x20',117.9,382.2,10,0,1
1,3x15',120.0,382.2,1,0,1
1,3x2000m,104.1,394.1,11,0,1
1,3x2000m,106.6,390.4,11,0,1
1,6000m,102.8,389.4,100,0,1
1,3x2000m,101.4,371.8,11,0,1
1,3x20',118.2,382.2,10,0,1
1,3x2000m,106.2,394.1,11,0,1
1,3x2000m,104.0,394.1,11,0,1
1,5x5',105.5,390.2,0,0,1
1,3x20',114.3,371.8,10,0,1
1,2x2000m,96.975,382.8,1100,0,1
1,3x2000m,101.8,389.4,11,0,1
1,6000m,106.9,390.4,100,0,1
1,30',106.0,371.8,1011,0,1
1,3x1000m,98.1,390.4,110,0,1
1,3x20',120.9,390.2,10,0,1
1,3x2000m,99.3,371.8,11,0,1
1,3x2000m,100.6,371.8,11,0,1
1,4x1500m,98.9,381.6,101,0,1
1,1',81.7,390.4,1001,0,1
1,1500m,95.6,389.4,1000,0,1
1,3x2000m,106.3,389.4,11,0,1
1,5x5',105.4,382.2,0,0,1
1,3x20',129.0,390.4,10,0,1
1,3x2000m,107.3,390.4,11,0,1
1,3x20',118.6,382.2,10,0,1
1,3x2000m,104.7,390.4,11,0,1
1,3x2000m,101.9,394.1,11,0,1
1,3x15',119.9,392.0,1,0,1
1,3x1000m,96.2,390.4,110,0,1
1,3x1000m,94.6,381.6,110,0,1
1,6x500m,90.5,371.8,111,0,1
1,4x1500m,102.3,394.1,101,0,1
1,3x2000m,108.3,390.4,11,0,1
1,3x1000m,95.4,389.4,110,0,1
1,3x2000m,102.7,389.4,11,0,1
1,3x2000m,106.0,394.1,11,0,1
1,3x2000m,106.2,390.4,11,0,1
1,3x2000m,107.7,390.4,11,0,1
1,3x2000m,99.9,371.8,11,0,1
1,6000m,101.6,381.6,100,0,1
1,6x500m,92.9,389.4,111,0,1
1,5x5',109.1,392.0,0,0,1
1,6x500m,90.7,371.8,111,0,1
1,4x1500m,97.6,394.1,101,0,1
1,6x500m,92.7,389.4,111,0,1
1,3x20',110.1,371.8,10,0,1
1,6000m,106.8,394.1,100,0,1
1,3x2000m,102.0,394.1,11,0,1
1,5x5',103.8,390.2,0,0,1
1,3x2000m,107.3,390.4,11,0,1
1,3x2000m,104.7,389.4,11,0,1
1,6x500m,93.2,389.4,111,0,1
